SM_handles,Date_of_post,Date_of_first_Post,Sex,Species,Likes,Total_Followers_Now,Total_Posts,Date_of_data_collected,Notes
Audubon_Florida,03-18-2024,08-30-2018,M,House Finch,78,6228,791,04-16-2024,"NGO, Conservation focused "
Audubon_Florida,12-04-2023,08-30-2018,F,Painted Bunting,74,6228,791,04-16-2024,
Audubon_Florida,10-30-2023,08-30-2018,M,Eastern Blue bird,115,6228,791,04-16-2024,
Audubon_Florida,10-23-2023,08-30-2018,M,Common Grackle,87,6228,791,04-16-2024,
Audubon_Florida,04-17-2023,08-30-2018,M,Rose-breasted Grosbeaks,174,6228,791,04-16-2024,
Audubon_Florida,03-17-2023,08-30-2018,M,Blue Grosbeak,97,6228,791,04-16-2024,
Audubon_Florida,01-25-2023,08-30-2018,M,Vermillion Flycatcher,121,6228,791,04-16-2024,
Audubon_Florida,01-11-2023,08-30-2018,M,Ruddy Duck,129,6228,791,04-16-2024,
Audubon_Florida,01-09-2023,08-30-2018,M,Painted Bunting,107,6228,791,04-16-2024,
Audubon_Florida,11-24-2022,08-30-2018,F,Wild Turkey,42,6228,791,04-16-2024,
Audubon_Florida,09-12-2022,08-30-2018,F,Northern Cardinal,67,6228,791,04-16-2024,
Audubon_Florida,05-11-2021,08-30-2018,M,Rose-breasted Grosbeaks,70,6228,791,04-16-2024,
Audubon_Florida,11-25-2020,08-30-2018,M,Wild Turkey,136,6228,791,04-16-2024,
Audubon_Florida,08-24-2020,08-30-2018,M,Summer Tanager,127,6228,791,04-16-2024,
Audubon_Florida,06-29-2020,08-30-2018,M,Eastern Meadowlark,90,6228,791,04-16-2024,
Audubon_Florida,04-06-2020,08-30-2018,F,Ruby-throated hummingbird,80,6228,791,04-16-2024,
Audubon_Florida,02-10-2020,08-30-2018,M,American Robin,99,6228,791,04-16-2024,
Audubon_Florida,12-16-2019,08-30-2018,M,Rose-breasted Grosbeaks,93,6228,791,04-16-2024,
Audubon_Florida,11-25-2019,08-30-2018,M,Wood Duck,84,6228,791,04-16-2024,
Audubon_Florida,11-14-2019,08-30-2018,M,Northern Parula,95,6228,791,04-16-2024,
BIRDS ON EARTH,04-10-2024,01-22-2018,M,Rose Ringed Parakeet,6290,1300000,2570,04-16-2024,Features various bird photos
BIRDS ON EARTH,03-28-2024,01-22-2018,M,Mandarin Duck,10345,1300000,2570,04-16-2024,
BIRDS ON EARTH,03-23-2024,01-22-2018,M,Regent Bowerbird,16494,1300000,2570,04-16-2024,
BIRDS ON EARTH,01-16-2024,01-22-2018,M,Pink Robin,19409,1300000,2570,04-16-2024,
BIRDS ON EARTH,01-06-2024,01-22-2018,M,Golden Pheasant,6902,1300000,2570,04-16-2024,
BIRDS ON EARTH,01-05-2024,01-22-2018,M,Asian Paradise Flycatcher,8383,1300000,2570,04-16-2024,
BIRDS ON EARTH,12-31-2023,01-22-2018,M,Bearded reedling,10527,1300000,2570,04-16-2024,
BIRDS ON EARTH,12-30-2023,01-22-2018,M,Gouldian Finch,12393,1300000,2570,04-16-2024,
BIRDS ON EARTH,11-27-2023,01-22-2018,M,Goldcrest,41677,1300000,2570,04-16-2024,
BIRDS ON EARTH,12-27-2023,01-22-2018,M,Northern Cardinal,8279,1300000,2570,04-16-2024,
BIRDS ON EARTH,12-22-2023,01-22-2018,M,Violet-backed Starling,9989,1300000,2570,04-16-2024,
BIRDS ON EARTH,12-20-2023,01-22-2018,M,Greater bird-of-paradise,12485,1300000,2570,04-16-2024,
BIRDS ON EARTH,12-18-2023,01-22-2018,M,Northern Cardinal,7202,1300000,2570,04-16-2024,
BIRDS ON EARTH,12-08-2023,01-22-2018,M,Mandarin Duck,9188,1300000,2570,04-16-2024,
BIRDS ON EARTH,12-01-2023,01-22-2018,M,Red Bird-of-paradise,19101,1300000,2570,04-16-2024,
BIRDS ON EARTH,11-25-2023,01-22-2018,M,Mandarin Duck,11324,1300000,2570,04-16-2024,
BIRDS ON EARTH,11-24-2023,01-22-2018,F,Kestrel,6969,1300000,2570,04-16-2024,
BIRDS ON EARTH,11-17-2023,01-22-2018,M,Eastern Bluebird,13769,1300000,2570,04-16-2024,
BIRDS ON EARTH,11-03-2023,01-22-2018,M,Bullfinch,13562,1300000,2570,04-16-2024,
BIRDS ON EARTH,10-31-2023,01-22-2018,M,Mandarin Duck,12358,1300000,2570,04-16-2024,
Cornelbirds,04-15-2024,10-01-2018,M,Slaty Flowepiercer,1693,214000,1744,04-16-2024,"Leading Organization for study, appreciation & conservation of birds"
Cornelbirds,03-14-2024,10-01-2018,M,Lewis's Woodpecker,4855,214000,1744,04-16-2024,
Cornelbirds,03-12-2024,10-01-2018,M,Northern Cardinal,5818,214000,1744,04-16-2024,
Cornelbirds,02-28-2024,10-01-2018,M,Ward's Trogon,2760,214000,1744,04-16-2024,
Cornelbirds,02-21-2024,10-01-2018,M,Red cheeked Cordonbleu,5189,214000,1744,04-16-2024,
Cornelbirds,01-20-2024,10-01-2018,M,Rose Throated Becard,5324,214000,1744,04-16-2024,
Cornelbirds,02-19-2024,10-01-2018,M,Pink Robin,3884,214000,1744,04-16-2024,
Cornelbirds,02-16-2024,10-01-2018,M,Przevalski's Pinktail,2431,214000,1744,04-16-2024,
Cornelbirds,02-12-2024,10-01-2018,M,Rosy Thrush Tanager,2271,214000,1744,04-16-2024,
Cornelbirds,02-11-2024,10-01-2018,M,Rosy-throated Longclaw,2214,214000,1744,04-16-2024,
Cornelbirds,02-09-2024,10-01-2018,M,Great Rosefinch,6322,214000,1744,04-16-2024,
Cornelbirds,02-06-2024,10-01-2018,M,House Finch,4367,214000,1744,04-16-2024,
Cornelbirds,02-04-2024,10-01-2018,M,Jamaican Mango,2633,214000,1744,04-16-2024,
Cornelbirds,12-29-2023,10-01-2018,M,Tibetan Eared Pheasant,2451,214000,1744,04-16-2024,
Cornelbirds,12-22-2023,10-01-2018,M,Common Redpoll,3551,214000,1744,04-16-2024,
Cornelbirds,12-15-2023,10-01-2018,M,Common Yellowthroat,2259,214000,1744,04-16-2024,
Cornelbirds,12-08-2023,10-01-2018,M,Caucasian Grouse,2926,214000,1744,04-16-2024,
Cornelbirds,12-07-2023,10-01-2018,M,Broad-tailed hummingbird,2590,214000,1744,04-16-2024,
Cornelbirds,12-04-2023,10-01-2018,F,Northern Cardinal,2703,214000,1744,04-16-2024,
Cornelbirds,12-01-2023,10-01-2018,M,Magnificient Bird of Paradise,2463,214000,1744,04-16-2024,
audubnsociety,04-13-2024,02-07-2014,M,Golden winged Warbler,7098,994000,6123,04-16-2024,Bird protection organization
audubnsociety,04-11-2024,02-07-2014,M,Bullock Orioles,6013,994000,6123,04-16-2024,
audubnsociety,04-09-2024,02-07-2014,M,Hooded Warblers,6048,994000,6123,04-16-2024,
audubnsociety,04-07-2024,02-07-2014,M,Spotted Towhees,8896,994000,6123,04-16-2024,
audubnsociety,04-06-2024,02-07-2014,M,chestnut-sided warblers,5074,994000,6123,04-16-2024,
audubnsociety,04-04-2024,02-07-2014,M,Northern Parula,5450,994000,6123,04-16-2024,
audubnsociety,03-30-2024,02-07-2014,M,American Redstarts ,9814,994000,6123,04-16-2024,
audubnsociety,03-29-2024,02-07-2014,M,Gilded Flicker,13049,994000,6123,04-16-2024,
audubnsociety,03-19-2024,02-07-2014,M,Rose-breasted Grosbeaks,11771,994000,6123,04-16-2024,
audubnsociety,03-19-2024,02-07-2014,M,Northern Parula,10135,994000,6123,04-16-2024,
audubnsociety,03-16-2024,02-07-2014,F,Arizona Woodpecker,8648,994000,6123,04-16-2024,
audubnsociety,03-14-2024,02-07-2014,M,Ruddy duck,8478,994000,6123,04-16-2024,
audubnsociety,03-14-2024,02-07-2014,M,Black-throated Blue Warbler,6021,994000,6123,04-16-2024,
audubnsociety,03-13-2024,02-07-2014,M,American Tree Sparrows,7019,994000,6123,04-16-2024,
audubnsociety,03-12-2024,02-07-2014,M,Common Goldeneye,9132,994000,6123,04-16-2024,
audubnsociety,03-12-2024,02-07-2014,F,Ruby-throated hummingbird,6662,994000,6123,04-16-2024,
audubnsociety,03-11-2024,02-07-2014,M,Eastern Bluebird,12320,994000,6123,04-16-2024,
audubnsociety,03-10-2024,02-07-2014,M,American Goldfinches,17911,994000,6123,04-16-2024,
audubnsociety,03-08-2024,02-07-2014,M,Allen's Hummingbird,8285,994000,6123,04-16-2024,
audubnsociety,03-03-2024,02-07-2014,M,Satin Bowerbird,11435,994000,6123,04-16-2024,
planetbirds,04-16-2024,03-12-2015,M,Prothonotory Warbler,972,362000,7582,04-16-2024,Features various bird photos
planetbirds,04-14-2024,03-12-2015,M,Green-winged teal,1203,362000,7582,04-16-2024,
planetbirds,04-15-2024,03-12-2015,M,Black-capped flycatcher,3160,362000,7582,04-16-2024,
planetbirds,04-06-2024,03-12-2015,M,Ruddy Duck,1878,362000,7582,04-16-2024,
planetbirds,04-05-2024,03-12-2015,M,Barred Antshrike,2023,362000,7582,04-16-2024,
planetbirds,04-04-2023,03-12-2015,F,Green thorntail,3309,362000,7582,04-16-2024,
planetbirds,03-30-2024,03-12-2015,M,Red Munia,5236,362000,7582,04-16-2024,
planetbirds,03-30-2024,03-12-2015,M,Himalayan Monal,3585,362000,7582,04-16-2024,
planetbirds,03-26-2024,03-12-2015,M,Sooty Grouse,1688,362000,7582,04-16-2024,
planetbirds,03-25-2024,03-12-2015,F,Shinning Sunbeam Hummingbird,3745,362000,7582,04-16-2024,
planetbirds,03-23-2024,03-12-2015,M,Black and Yellow broadbill,5236,362000,7582,04-16-2024,
planetbirds,03-23-2024,03-12-2015,M,Blood pheasant,2525,362000,7582,04-16-2024,
planetbirds,03-22-2024,03-12-2015,F,Northern Cardinal,2240,362000,7582,04-16-2024,
planetbirds,03-20-2024,03-12-2015,M,Bearded reedling,5282,362000,7582,04-16-2024,
planetbirds,03-19-2024,03-12-2015,M,Anna's Hummingbird,1631,362000,7582,04-16-2024,
planetbirds,03-18-2024,03-12-2015,M,Wood Duck,1609,362000,7582,04-16-2024,
planetbirds,03-12-2024,03-12-2015,M,Bluetit,6049,362000,7582,04-16-2024,
planetbirds,03-10-2024,03-12-2015,M,Gartered Trogan,10970,362000,7582,04-16-2024,
planetbirds,03-09-2024,03-12-2015,M,Crimson-headed patridge,11208,362000,7582,04-16-2024,
planetbirds,03-09-2024,03-12-2015,F,Hooded Merganser,4563,362000,7582,04-16-2024,
Birdlife.international,04-14-2024,05-07-2015,M,Garganey,787,45800,1417,04-17-2024,There are three posts on mammals in this account
Birdlife.international,12-20-2023,05-07-2015,M,Northern Cardinal,304,45800,1417,04-17-2024,
Birdlife.international,10-31-2023,05-07-2015,M,Vampire ground finch,389,45800,1417,04-17-2024,
Birdlife.international,10-30-2023,05-07-2015,M,Seven-colored Tanager,320,45800,1417,04-17-2024,
Birdlife.international,06-16-2023,05-07-2015,M,Andean Cock of the Rock,267,45800,1417,04-17-2024,
Birdlife.international,03-14-2023,05-07-2015,M,Black Robin,1188,45800,1417,04-17-2024,
Birdlife.international,08-05-2022,05-07-2015,M,Santa marta sabrewing,284,45800,1417,04-17-2024,
Birdlife.international,07-26-2022,05-07-2015,M,Polynesian ground dove,313,45800,1417,04-17-2024,
Birdlife.international,06-21-2022,05-07-2015,M,Northern black korhaan,304,45800,1417,04-17-2024,
Birdlife.international,04-15-2022,05-07-2015,M,Northern Cardinal,464,45800,1417,04-17-2024,
Birdlife.international,04-06-2022,05-07-2015,M,Purple-bibbed Whitetip,429,45800,1417,04-17-2024,
Birdlife.international,03-21-2022,05-07-2015,M,Pin-tailed sandgrouse,752,45800,1417,04-17-2024,
Birdlife.international,03-11-2022,05-07-2015,M,Hooded Merganser,791,45800,1417,04-17-2024,
Birdlife.international,03-05-2022,05-07-2015,M,Southern Ground Hornbill,484,45800,1417,04-17-2024,
Birdlife.international,02-23-2022,05-07-2015,F,Red Phalaropes,764,45800,1417,04-17-2024,"Female are brighter than male, reverse gender roles"
Birdlife.international,02-21-2022,05-07-2015,M,Quetzal,655,45800,1417,04-17-2024,
Birdlife.international,02-12-2022,05-07-2015,M,Purple-bibbed Whitetip,549,45800,1417,04-17-2024,
Birdlife.international,01-06-2022,05-07-2015,M,Blackbirds,653,45800,1417,04-17-2024,
Birdlife.international,12-30-2021,05-07-2015,M,Grey Prtridge,995,45800,1417,04-17-2024,
Birdlife.international,12-23-2021,05-07-2015,M,Goldcrest,842,45800,1417,04-17-2024,
BirdNote,04-19-2024,11-13-2017,M,White-whiskered puffbird,90,27200,2911,04-22-2024,Podcasts on Birds
BirdNote,04-15-2024,11-13-2017,M,Rufous Hummingbird,341,27200,2911,04-22-2024,
BirdNote,04-11-2024,11-13-2017,F,Belted Kingfisher,282,27200,2911,04-22-2024,"Females have extra rust colored belt, which is absent in males "
BirdNote,04-09-2024,11-13-2017,M,American Goldfinches,147,27200,2911,04-22-2024,
BirdNote,04-05-2024,11-13-2017,M,Rose-breasted Grosbeaks,382,27200,2911,04-22-2024,
BirdNote,03-20-2024,11-13-2017,M,Pine warbler,367,27200,2911,04-22-2024,
BirdNote,03-21-2024,11-13-2017,M,American Goldfinches,90,27200,2911,04-22-2024,
BirdNote,03-15-2024,11-13-2017,M,Comb crested jacana ,215,27200,2911,04-22-2024,
BirdNote,03-11-2024,11-13-2017,M,Ring necked pheasant,228,27200,2911,04-22-2024,
BirdNote,03-10-2024,11-13-2017,M,Burchell's Sandgrouse,425,27200,2911,04-22-2024,
BirdNote,02-28-2024,11-13-2017,M,Vermillion Flycatcher,77,27200,2911,04-22-2024,
BirdNote,02-18-2024,11-13-2017,F,American Robin,266,27200,2911,04-22-2024,
BirdNote,02-17-2024,11-13-2017,M,Purple throated fruitcrow,296,27200,2911,04-22-2024,
BirdNote,02-01-2024,11-13-2017,M,Eastern Bluebird,546,27200,2911,04-22-2024,
BirdNote,01-24-2024,11-13-2017,M,Tricolored Blackbirds,254,27200,2911,04-22-2024,
BirdNote,01-06-2024,11-13-2017,M,Golden crowned kinglet,910,27200,2911,04-22-2024,
BirdNote,01-01-2024,11-13-2017,M,Common Goldeneye,520,27200,2911,04-22-2024,
BirdNote,12-31-2023,11-13-2017,F,Ruby crowned kinglet,74,27200,2911,04-22-2024,
BirdNote,12-11-2023,11-13-2017,F,Phalaropes,385,27200,2911,04-22-2024,"Female are brighter than male, reverse gender roles"
Foremansbranch,04-18-2022,07-06-2015,M,Common Yellowthroat,78,6187,3132,04-22-2024,Foremansbranch is an NGO
Foremansbranch,04-15-2024,07-06-2015,M,Pine warbler,200,6187,3132,04-22-2024,
Foremansbranch,04-12-2024,07-06-2015,M,Blue-gray Gnatcatcher,374,6187,3132,04-22-2024,
Foremansbranch,03-31-2024,07-06-2015,M,Golden-crowned kinglet,456,6187,3132,04-22-2024,
Foremansbranch,03-30-2024,07-06-2015,M,Yellow-shafted Flickers,16412,6187,3132,04-22-2024,
Foremansbranch,03-27-2024,07-06-2015,M,American Robin,262,6187,3132,04-22-2024,
Foremansbranch,03-24-2024,07-06-2015,M,Red bellied woodpecker ,284,6187,3132,04-22-2024,
Foremansbranch,03-18-2024,07-06-2015,M,Downy woodpecker,137,6187,3132,04-22-2024,
Foremansbranch,03-08-2024,07-06-2015,M,American Goldfinches,141,6187,3132,04-22-2024,
Foremansbranch,01-14-2024,07-06-2015,F,Red-winged blackbird,119,6187,3132,04-22-2024,
Foremansbranch,01-13-2024,07-06-2015,F,Northern Cardinal,91,6187,3132,04-22-2024,
Foremansbranch,12-06-2023,07-06-2015,M,Northern Cardinal,308,6187,3132,04-22-2024,
Foremansbranch,11-28-2023,07-06-2015,F,Downy woodpecker,1696,6187,3132,04-22-2024,
Foremansbranch,11-06-2023,07-06-2015,M,American Robin,129,6187,3132,04-22-2024,
Foremansbranch,10-30-2023,07-06-2015,M,Yellow rumped warbler ,200,6187,3132,04-22-2024,
Foremansbranch,10-26-2023,07-06-2015,M,Ruby-crowned kinglet,538,6187,3132,04-22-2024,
Foremansbranch,10-25-2023,07-06-2015,M,Yellow-shafted Flickers,518,6187,3132,04-22-2024,
Foremansbranch,10-04-2023,07-06-2015,F,Black throated green warbler,156,6187,3132,04-22-2024,
Foremansbranch,09-27-2023,07-06-2015,F,Fall tennessee warbler,134,6187,3132,04-22-2024,
Foremansbranch,09-05-2023,07-06-2015,F,Scarlet Tanager,210,6187,3132,04-22-2024,
BirdwatchingGuatemala,04-11-2024,08-18-2016,M,wine throated hummingbird,6,688,668,04-22-2024,Tour agency
BirdwatchingGuatemala,02-21-2024,08-18-2016,M,Rufous-tailed hummingbird,19,688,668,04-22-2024,
BirdwatchingGuatemala,02-07-2024,08-18-2016,M,Indigo Bunting,13,688,668,04-22-2024,
BirdwatchingGuatemala,01-11-2024,08-18-2016,M,red legged honeycreeper,10,688,668,04-22-2024,
BirdwatchingGuatemala,01-06-2024,08-18-2016,M,Masked Tityra ,11,688,668,04-22-2024,
BirdwatchingGuatemala,12-13-2023,08-18-2016,M,Rose-breasted Grosbeaks,12,688,668,04-22-2024,
BirdwatchingGuatemala,12-06-2023,08-18-2016,M,Black throated green warbler,14,688,668,04-22-2024,
BirdwatchingGuatemala,12-04-2023,08-18-2016,M,Canivet's emerald,13,688,668,04-22-2024,
BirdwatchingGuatemala,11-10-2023,08-18-2016,M,red legged honeycreeper,17,688,668,04-22-2024,
BirdwatchingGuatemala,11-05-2023,08-18-2016,M, hooded warbler,19,688,668,04-22-2024,
BirdwatchingGuatemala,09-23-2023,08-18-2016,M,bullock oriole,16,688,668,04-22-2024,
BirdwatchingGuatemala,09-11-2023,08-18-2016,M,wine throated hummingbird,15,688,668,04-22-2024,
BirdwatchingGuatemala,08-29-2023,08-18-2016,M,Yellow winged tanager?,17,688,668,04-22-2024,
BirdwatchingGuatemala,08-14-2023,08-18-2016,M,Black headed siskin ,15,688,668,04-22-2024,
BirdwatchingGuatemala,08-10-2023,08-18-2016,F,Dickcissel,10,688,668,04-22-2024,
BirdwatchingGuatemala,08-01-2023,08-18-2016,F,magnolia warbler,16,688,668,04-22-2024,
BirdwatchingGuatemala,06-23-2023,08-18-2016,M,Grace's warbler,11,688,668,04-22-2024,
BirdwatchingGuatemala,06-10-2023,08-18-2016,M,Blue Bunting,10,688,668,04-22-2024,
BirdwatchingGuatemala,06-05-2023,08-18-2016,M,common yellow throat ,9,688,668,04-22-2024,
birdwatchingMagazine,04-26-2023,06-05-2018,M,prothonotary warbler,290,23800,2123,04-22-2024,North America's Premier Magazine about wild birds and birding
birdwatchingMagazine,03-28-2023,06-05-2018,M,Calliope hummingbird,189,23800,2123,04-22-2024,
birdwatchingMagazine,03-14-2023,06-05-2018,M,Malabar Trogon,145,23800,2123,04-22-2024,
birdwatchingMagazine,03-13-2023,06-05-2018,M,Summer Tanager,348,23800,2123,04-22-2024,
birdwatchingMagazine,03-12-2023,06-05-2018,F,Yellow-shafted Flickers,139,23800,2123,04-22-2024,
birdwatchingMagazine,03-10-2023,06-05-2018,M,Northern Cardinal,179,23800,2123,04-22-2024,
birdwatchingMagazine,03-09-2023,06-05-2018,M,Baer's pochard,127,23800,2123,04-22-2024,
birdwatchingMagazine,03-07-2023,06-05-2018,F,Anna's hummingbird,202,23800,2123,04-22-2024,
birdwatchingMagazine,03-01-2023,06-05-2018,M,Eastern Bluebird,255,23800,2123,04-22-2024,
birdwatchingMagazine,02-28-2023,06-05-2018,M,Gambel's quail,211,23800,2123,04-22-2024,
birdwatchingMagazine,02-27-2023,06-05-2018,M,Northern Parula,208,23800,2123,04-22-2024,
birdwatchingMagazine,02-24-2023,06-05-2018,M,Anna's hummingbird,138,23800,2123,04-22-2024,
birdwatchingMagazine,02-22-2023,06-05-2018,M,Wood Duck,187,23800,2123,04-22-2024,
birdwatchingMagazine,02-16-2023,06-05-2018,M,Vermillion Flycatcher,155,23800,2123,04-22-2024,
birdwatchingMagazine,02-15-2023,06-05-2018,M,Magnificient Frigatebird,153,23800,2123,04-22-2024,
birdwatchingMagazine,02-13-2023,06-05-2018,M,Red-bellied woodpecker,216,23800,2123,04-22-2024,
birdwatchingMagazine,02-10-2023,06-05-2018,M,yellow bellied sapsucker ,268,23800,2123,04-22-2024,
birdwatchingMagazine,02-09-2023,06-05-2018,M,Eastern Bluebird,216,23800,2123,04-22-2024,
birdwatchingMagazine,02-06-2023,06-05-2018,F,Pine Grosbeak,152,23800,2123,04-22-2024,
birdwatchingMagazine,02-05-2023,06-05-2018,M,Canada Warbler,186,23800,2123,04-22-2024,
