"Duration..in.seconds.","RecordedDate","ResponseId","dscore","Age","Gender","NaturalSc_Binary","IAT_taken","Bird_knowledge","Social_media","Bird_plumage","dscore2"
"531","2024-08-21 21:25:00","R_6RpDZ18ENOzUXIH",1.14,"5","2",0,"2","1","0","0",1.144181091
"452","2024-08-23 08:22:00","R_3nUX8tCs9UlRskw",1.03,"2","1",0,"1","0","0","0",1.032550053
"389","2024-08-23 08:23:00","R_6kIzhf5HhXEHw2e",0.64,"2","2",0,"1","1","0","0",0.639832617
"756","2024-08-23 09:36:00","R_6CeuhJJsebTVfPQ",0.71,"2","1",0,"2","0","0","1",0.706832683
"440","2024-08-23 10:15:00","R_71o3ymXPFbsH56W",0.64,"2","2",0,"1","1","0","1",0.638262115
"488","2024-08-23 10:15:00","R_1TRYGZGCXDLajKT",1.19,"2","2",1,"1","0","0","1",1.185716641
"372","2024-08-23 10:24:00","R_7GwfaucJFcOw76e",0.84,"2","2",0,"1","1","0","0",0.839735985
"385","2024-08-23 11:01:00","R_7ns7yjUOlJEMHWV",0.49,"2","2",0,"1","0","0","1",0.493931841
"543","2024-08-23 11:32:00","R_7PgG0NSA6jAOgjy",1.21,"2","2",0,"1","1","0","0",1.205281187
"394","2024-08-23 11:32:00","R_1WzfS3ZgJcqkqml",0.23,"2","2",0,"1","1","0","0",0.229353562
"483","2024-08-23 11:38:00","R_7nMXJ2wW1rc0baN",1.14,"2","2",0,"7","1","0","0",1.138871044
"417","2024-08-23 12:48:00","R_7DG3A7PNY5yhnmN",1.13,"2","2",1,"1","1","1","1",1.129547279
"884","2024-08-23 13:09:00","R_1HHwoq82j2cKbay",1.26,"2","2",0,"1","1","0","1",1.260335339
"327","2024-08-23 13:13:00","R_5FFcxPjWLvBmSCU",1.04,"2","2",0,"1","0","0","1",1.04159738
"412","2024-08-23 14:09:00","R_31gyJltfyu9ccoH",0.85,"2","2",0,"7","0","0","1",0.850795481
"455","2024-08-23 14:24:00","R_8kKYd7i6p88oNWS",0.73,"2","3",0,"1","1","0","0",0.728453158
"774","2024-08-23 14:45:00","R_1PO5vQCFa9EiuhH",0.97,"2","2",0,"1","0","0","0",0.967989319
"363","2024-08-23 14:53:00","R_1nJIC15jeS35S0E",1.2,"2","1",0,"1","1","1","0",1.200099756
"374","2024-08-23 14:54:00","R_3twMeFdLL8rmbK1",0.44,"2","2",0,"1","0","0","0",0.443017002
"394","2024-08-23 17:15:00","R_67khuXdxUmwu3Se",1.21,"2","2",1,"1","0","0","0",1.210454588
"955","2024-08-23 17:17:00","R_1OiabhqQF2Jwhfm",1.07,"2","1",0,"7","0","0","1",1.067359392
"490","2024-08-23 20:30:00","R_5JgW0u8tV5CHGvM",1.21,"2","2",1,"1","0","0","0",1.208441045
"329","2024-08-24 07:11:00","R_5LcdWne6CW5t82S",1.1,"2","2",0,"1","1","0","0",1.103096692
"410","2024-08-24 11:08:00","R_6hE96TaovMPjDL3",0.68,"2","2",0,"1","3","1","0",0.6802536
"420","2024-08-24 12:06:00","R_3fZLO1ceWDBqK3h",0.57,"6","2",0,"1","1","0","0",0.571148629
"781","2024-08-24 12:43:00","R_1VO9HCrVuMGW0n7",0.33,"5","2",0,"7","1","1","0",0.327006816
"421","2024-08-24 15:29:00","R_8G3sOBgaUvCthId",0.71,"2","2",1,"1","0","0","1",0.706174503
"457","2024-08-24 15:52:00","R_60ogeqMk1XKj07b",1.03,"2","1",0,"1","0","0","0",1.028525646
"685","2024-08-24 16:47:00","R_7qE53bTsqHBHnSz",1.4,"2","2",0,"1","1","0","1",1.398340104
"429","2024-08-24 16:56:00","R_5r0RcEHD4Qxjkw2",0.64,"2","2",1,"1","0","0","0",0.64022074
"475","2024-08-25 07:44:00","R_1811gmSrvwuldol",0.67,"2","1",0,"1","1","1","0",0.674090211
"343","2024-08-25 11:43:00","R_1s73Ww7ZMg7cI7Z",0.91,"2","2",0,"1","0","0","1",0.910080276
"630","2024-08-25 12:10:00","R_30r6KDYnrfAGvnP",0.67,"2","2",0,"1","0","0","1",0.66899852
"449","2024-08-25 12:23:00","R_7zjPAKGJdPeNhvj",1.06,"2","2",0,"1","0","0","0",1.063848238
"568","2024-08-25 13:31:00","R_15Gu1x8VLVOXNCN",0.71,"2","2",0,"1","0","0","1",0.713825501
"672","2024-08-25 13:32:00","R_1iOPXfwYfL2BgKB",1.01,"2","2",0,"1","0","0","1",1.006224554
"408","2024-08-25 13:52:00","R_6V1KGQmaUHnXpfi",1.02,"2","2",0,"1","0","0","1",1.022680419
"1078","2024-08-25 14:18:00","R_6fGZ363YoKHeBnT",0.47,"2","1",0,"1","1","0","0",0.465687096
"697","2024-08-25 14:27:00","R_3DvFPwITKwe2JhX",0.62,"2","1",1,"1","1","0","1",0.616782372
"463","2024-08-25 14:32:00","R_5BwXfxp8hBLmmgn",1.08,"2","1",0,"7","2","0","0",1.080320513
"476","2024-08-25 14:42:00","R_7fm90bS3FYzzvRG",0.73,"2","1",0,"2","1","0","0",0.727443624
"359","2024-08-25 16:03:00","R_1Ez1bu8rjRb3cVi",0.89,"2","1",0,"1","0","0","1",0.89360612
"330","2024-08-25 16:35:00","R_2PoT0coHZIvn7rX",-0.14,"2","2",0,"1","1","0","0",-0.136026234
"415","2024-08-25 17:21:00","R_7lJrTupBNgMCCGZ",0.35,"2","1",0,"1","1","0","1",0.350270303
"441","2024-08-25 18:32:00","R_522VrfOxNKjnw2T",1.1,"2","1",0,"1","1","0","0",1.098461709
"378","2024-08-25 19:57:00","R_5JrNRZk2gObnXim",0.89,"2","2",0,"1","1","0","0",0.888427706
"406","2024-08-25 22:02:00","R_3h6hI18x9acCdb7",1.17,"2","2",0,"1","0","0","0",1.169374349
"24187","2024-08-25 22:07:00","R_73W8OrgGz4hFywG",0.95,"2","2",0,"1","0","0","0",0.945023424
"361","2024-08-26 07:21:00","R_5s9PurIclE6pX3j",0.86,"2","2",0,"1","0","0","1",0.86053741
"470","2024-08-26 07:34:00","R_6Vn07b4BZecqEVP",0.63,"2","1",0,"4","1","0","1",0.634146837
"418","2024-08-26 07:56:00","R_6cLjXfWS7KG1L57",0.98,"2","2",0,"1","0","0","1",0.983479085
"472","2024-08-26 09:13:00","R_1edajQ5GxX4eZc5",1.01,"2","2",1,"1","1","1","0",1.014771484
"488","2024-08-26 09:19:00","R_6oI9suAU8iI1oAb",0.5,"2","1",0,"1","1","0","1",0.499768806
"475","2024-08-26 09:26:00","R_5w0jjbVAgBzIWmB",0.86,"2","2",0,"2","2","0","0",0.858244281
"539","2024-08-26 09:54:00","R_3aMaRWePEndEyMV",1.19,"2","1",0,"1","0","0","0",1.186661526
"456","2024-08-26 10:13:00","R_1ezG7RLAWIKRAQN",0.69,"2","2",1,"1","2","0","1",0.687618037
"430","2024-08-26 11:57:00","R_8qEEbbrktnNJIuH",1.04,"2","2",1,"1","1","0","0",1.03768774
"408","2024-08-26 12:20:00","R_60cSqsVix23YvnP",1.11,"2","3",0,"1","1","0","0",1.113428915
"615","2024-08-26 12:42:00","R_6CIZ1OwQhKzopCQ",0.26,"2","2",0,"1","1","0","1",0.258357897
"332","2024-08-26 12:47:00","R_5FRNyBxs6qwHGFj",0.97,"2","2",1,"1","0","0","0",0.971017882
"398","2024-08-26 12:50:00","R_5GwRqwgn8MDnb4l",0.47,"2","2",0,"2","0","0","1",0.467634879
"502","2024-08-26 13:14:00","R_1ldfivTdWxAVGY9",1.17,"2","1",0,"1","2","1","0",1.167001405
"393","2024-08-26 13:26:00","R_5d1dUK2Xb9ZfzlS",0.66,"2","1",0,"1","0","0","0",0.663144152
"500","2024-08-26 13:50:00","R_1P6GDp7Lk3yRFs2",0.63,"2","1",0,"1","0","0","0",0.625637824
"323","2024-08-26 14:15:00","R_5R1SWlw2GALzRWc",0.94,"2","1",0,"1","1","0","0",0.939531351
"558","2024-08-26 15:14:00","R_6IZ3YJBVRMN7hFQ",1.27,"2","1",0,"1","0","0","1",1.269742591
"443","2024-08-26 15:23:00","R_1q29daaO7H1PKzt",0.98,"2","2",1,"1","0","0","1",0.984004922
"420","2024-08-26 16:09:00","R_7Ttr2Wp0IxVvvRH",0.57,"2","2",0,"3","1","0","0",0.574843888
"474","2024-08-26 16:28:00","R_6QYm4xI5AzRE90Z",0.99,"2","1",0,"7","0","0","1",0.991565481
"627","2024-08-26 16:41:00","R_1FEpZWzjn7YcS5D",1.05,"2","1",0,"1","2","0","0",1.048947753
"313","2024-08-26 17:56:00","R_1A1fcvfS7cuWjEl",0.67,"2","2",1,"7","1","0","0",0.671035341
"395","2024-08-26 18:14:00","R_3imVmtsrK2Pztak",0.87,"2","1",0,"1","0","0","0",0.868298631
"443","2024-08-26 18:20:00","R_6GxE08gLxYsIiYH",1.11,"2","2",0,"1","1","0","0",1.113503653
"540","2024-08-26 18:49:00","R_7rVf46A2xxigLLf",0.68,"2","2",0,"1","0","0","0",0.678460205
"424","2024-08-27 01:38:00","R_3GuDFYAaFncrNA0",1.08,"2","3",1,"1","1","0","0",1.079833843
"452","2024-08-27 07:18:00","R_13uBEkyb9Qs2v0B",0.89,"2","2",0,"1","0","0","0",0.891454544
"390","2024-08-27 08:50:00","R_5gj78hbFw4yaYoI",0.25,"2","2",0,"1","1","0","1",0.245444448
"677","2024-08-27 10:10:00","R_74zE02AJd3jgGEF",0.44,"2","2",NA,"1","0","0","0",0.438311352
"489","2024-08-27 10:15:00","R_1zBg3fKtzDDv7z3",0.87,"2","1",0,"1","2","1","1",0.870423951
"367","2024-08-27 10:15:00","R_7HUiF3gWXvlDkL1",0.68,"2","1",0,"1","0","0","0",0.678921447
"414","2024-08-27 10:22:00","R_7r0aSFUyh8dVaPz",0.53,"2","2",0,"1","1","0","1",0.526674396
"472","2024-08-27 11:20:00","R_5TNz5oyqqEUp5Qy",0.47,"2","2",0,"1","1","0","1",0.46953519
"1415","2024-08-27 11:25:00","R_6jcktDeQqMhaVrm",0.51,"2","2",1,"1","0","0","1",0.512696208
"382","2024-08-27 11:28:00","R_2N8nnwhuBqzB0yB",1.34,"2","2",0,"1","1","0","1",1.343224649
"412","2024-08-27 11:48:00","R_3f0vWxlMheEnsnM",0.81,"2","2",0,"1","0","0","1",0.80927242
"717","2024-08-27 12:22:00","R_1DMlmy0ceEjjiRq",1.33,"2","1",0,"1","0","0","1",1.330121924
"391","2024-08-27 13:45:00","R_6j8TnEnUg6kB54d",0.71,"2","2",0,"1","1","0","0",0.707882992
"364","2024-08-27 13:51:00","R_3lLjfzqgZJzal20",0.92,"2","2",1,"1","4","1","0",0.917883508
"431","2024-08-27 16:24:00","R_3iaubdtzt7bvbwd",1.1,"2","2",0,"1","0","0","1",1.09573301
"684","2024-08-27 17:16:00","R_1pVDZY1FAAjEegn",0.79,"2","2",1,"1","2","1","0",0.791694858
"467","2024-08-27 17:18:00","R_6GGuiBTxyFwUhWx",1.35,"2","2",1,"1","2","1","0",1.345396745
"398","2024-08-27 19:05:00","R_5B5mlLLKajk7QSa",1.15,"2","1",0,"1","2","0","0",1.145686384
"509","2024-08-27 19:53:00","R_1O8M7eptV0eFzxI",0.82,"2","2",0,"1","1","0","0",0.821477651
"503","2024-08-27 19:55:00","R_1piP4r9hmFPhmb7",0.84,"2","2",0,"1","1","0","0",0.835047974
"560","2024-08-28 07:10:00","R_6jR69Z4dopEj2Gl",0.71,"2","2",0,"1","1","0","1",0.708699201
"412","2024-08-28 07:58:00","R_3F1prIFpcIkZfgt",0.67,"2","1",0,"1","1","0","1",0.66833903
"445","2024-08-28 09:16:00","R_5PBxLPTWEXouCxv",0.65,"2","2",0,"1","1","0","1",0.653931446
"410","2024-08-28 10:12:00","R_5Qs6reVfyzXdgmm",1,"2","1",0,"1","1","0","1",0.996015418
"459","2024-08-28 11:29:00","R_33xS4KXMc61vDaN",0.92,"2","2",0,"1","1","0","0",0.921508389
"392","2024-08-28 12:22:00","R_3EyjEGRzso3eczI",0.65,"2","2",0,"1","1","0","1",0.6502447
"394","2024-08-28 15:40:00","R_6OWdp6MDMwHxVzb",0.48,"2","2",0,"1","0","0","0",0.482991686
"356","2024-08-28 16:28:00","R_5l6PDhHLrh9jvuK",1.03,"2","1",0,"1","0","0","0",1.028936559
"355","2024-08-28 17:02:00","R_7fJcPV4qZeVGbCf",0.29,"2","1",0,"4","0","0","0",0.286472672
"491","2024-08-29 08:28:00","R_6Gerz6KY80l2Tki",0.5,"2","2",0,"1","1","0","0",0.50074517
"371","2024-08-29 11:49:00","R_6jZhIn7ONP71R1T",1.13,"2","1",0,"1","1","0","1",1.131579429
"393","2024-08-29 13:13:00","R_5ltmJQ7zGtn7QFX",0.86,"2","1",0,"7","2","0","0",0.857375161
"408","2024-08-29 14:14:00","R_337SmnIw8KSeT3e",1,"2","1",0,"1","3","1","0",0.996246112
"358","2024-08-29 19:15:00","R_62i1V503Ush4AkW",0.84,"2","2",1,"1","1","0","0",0.843149506
"407","2024-08-29 21:19:00","R_7qYffhL8h6y1bZ7",0.47,"2","2",0,"1","0","0","1",0.473182668
"427","2024-08-29 21:35:00","R_8mr6TdgqAvaqOp6",0.49,"2","3",0,"1","0","0","0",0.490624888
"390","2024-08-30 08:44:00","R_61qYdoWgqwOWuu5",0.49,"2","1",0,"1","1","0","0",0.493326111
"374","2024-08-30 08:51:00","R_3NQzxILOx1kwHMo",0.92,"2","2",0,"2","0","0","0",0.921275007
"451","2024-08-30 08:55:00","R_7RaCVahbXdY183T",0.81,"3","2",0,"7","1","0","0",0.813295593
"356","2024-08-30 08:59:00","R_5gUxoNM4vZG0vD5",1.01,"2","2",1,"1","1","0","0",1.007874939
"678","2024-08-30 09:02:00","R_3nPkVEMHDulxGZX",1.07,"2","2",0,"7","0","0","0",1.068551357
"421","2024-08-30 09:17:00","R_6XrayokDkhzmOwF",0.81,"2","1",0,"1","1","0","1",0.813394697
"448","2024-08-30 09:20:00","R_3YnaZHMbNVm4vFf",-0.14,"2","1",0,"1","0","0","1",-0.135138157
"459","2024-08-30 09:47:00","R_1Ra5jV23g2JY9Qi",0.81,"2","2",0,"1","1","0","0",0.814989599
"353","2024-08-30 09:57:00","R_34IC9BrTCl6YQVj",0.95,"2","1",0,"1","0","0","1",0.948017382
"389","2024-08-30 10:20:00","R_1IZ6IrYWNYpCWtG",0.1,"2","1",0,"1","0","0","0",0.095484198
"369","2024-08-30 10:29:00","R_1fizVIhRbMHqkzZ",0.91,"2","2",0,"1","1","0","0",0.912243341
"401","2024-08-30 10:31:00","R_3C9gIHygGr1ubtV",1.03,"2","2",1,"1","2","1","0",1.031124261
"389","2024-08-30 11:04:00","R_3mk4QIooalxJQc0",0.91,"2","1",0,"1","1","0","0",0.907639227
"390","2024-08-30 11:50:00","R_3iW3zMkBA4LQb1i",0.6,"2","2",0,"7","1","0","0",0.595567446
"372","2024-08-30 11:50:00","R_6DNw4TDfoeXR1ew",0.91,"2","1",0,"1","1","0","0",0.91245549
"452","2024-08-30 12:01:00","R_5A3jETcDt7038M9",0.31,"2","2",0,"1","0","0","0",0.312717696
"362","2024-08-30 12:04:00","R_7FP2FolEODGq2HI",0.96,"2","2",0,"2","1","0","0",0.964270859
"430","2024-08-30 12:26:00","R_1rI0f1mRUJj62Te",0.45,"2","1",0,"4","1","0","0",0.449721993
"418","2024-08-30 12:27:00","R_3uWEzVMCGOrr4yJ",0.93,"2","1",1,"1","1","0","0",0.92754355
"542","2024-08-30 12:33:00","R_10bYRhAycyDrPCp",0.75,"2","2",1,"1","1","0","0",0.751074604
"437","2024-08-30 12:55:00","R_3ijW34UA52khkb1",1.2,"2","1",0,"1","0","0","1",1.204349953
"460","2024-08-30 13:03:00","R_7PRH6tNa99ODbcs",0.68,"2","2",0,"1","1","0","0",0.678047298
"746","2024-08-30 14:05:00","R_60NEsduytN3PrK0",1.4,"2","2",0,"1","0","0","1",1.396830946
"507","2024-08-30 17:03:00","R_6oYBWlo3FL0NDzs",0.54,"2","2",0,"1","1","0","0",0.538366903
"97313","2024-08-30 18:45:00","R_8Ele1O09n7SUl0Z",0.98,"2","2",0,"1","0","0","0",0.983535518
"362","2024-08-30 19:12:00","R_1n7a4q5LgNjxlLP",0.83,"2","2",0,"1","1","0","1",0.833386473
"485","2024-08-30 22:10:00","R_1DqZzfPwRPHN6Gt",0.65,"2","2",1,"1","0","0","0",0.645103544
"602","2024-08-31 07:02:00","R_6HHOMKGwr0EmrKM",0.94,"6","1",0,"1","1","0","0",0.936072958
"510","2024-08-31 08:16:00","R_7Yc6LPikOA2DkKS",1.21,"2","1",0,"7","2","1","0",1.20551158
"366","2024-08-31 12:02:00","R_6sCEEMVDpwrk1nH",0.9,"2","2",0,"1","0","0","0",0.904006748
"390","2024-08-31 14:11:00","R_7gWCxp327O3cMTL",0.7,"2","1",0,"1","1","0","0",0.695659809
"3524","2024-08-31 16:02:00","R_6EdsFIFLKSGoLzA",1.01,"2","2",0,"1","0","0","1",1.014488436
"442","2024-09-01 09:03:00","R_3NmHB5vkNxRrliO",0.97,"2","1",0,"1","0","0","0",0.970548104
"349","2024-09-01 13:05:00","R_3vjGtCcaATvby6g",0.69,"2","2",1,"1","0","0","0",0.685662273
"443","2024-09-01 13:06:00","R_1K918D644RWIU3L",0.61,"2","2",0,"2","0","0","0",0.610972667
"391","2024-09-01 15:47:00","R_3En5WrfztUxS3eb",0.89,"2","2",0,"1","0","0","0",0.892112882
"394","2024-09-01 15:58:00","R_1lLznXR6QiJQybK",0.88,"2","2",0,"2","0","0","0",0.879639852
"1249","2024-09-01 18:36:00","R_6VBt2yrLzKzC7cd",1.09,"2","2",0,"3","0","0","0",1.089552104
"367","2024-09-01 19:44:00","R_7P75RV51i17acYc",0.91,"2","2",0,"7","0","0","0",0.909009434
"431","2024-09-01 22:19:00","R_3eQcfybVg9Uqxsd",1.1,"2","2",0,"1","0","0","0",1.097691594
"582","2024-09-02 05:51:00","R_1sS8HbkXSCl7JPZ",0.52,"2","2",0,"2","0","0","0",0.515550479
"646","2024-09-02 08:38:00","R_12Vk7c5Evw6kR1W",0.92,"2","1",NA,"1","1","0","1",0.919298371
"398","2024-09-02 09:02:00","R_5kdm70yJpymATF7",1.13,"2","1",0,"1","1","0","1",1.127095184
"421","2024-09-02 09:35:00","R_7huyBhJvUtKNdO9",1.08,"2","1",0,"1","0","0","0",1.079426157
"389","2024-09-02 09:49:00","R_3ZEeLg8Vmh3tkxr",0.77,"2","2",0,"1","1","0","0",0.773127929
"523","2024-09-02 09:52:00","R_78NcsxbzCSQWs1s",1.17,"2","2",0,"1","1","0","0",1.169187118
"431","2024-09-02 10:14:00","R_3EnKYabuy1hQmm6",1.1,"2","1",0,"1","1","0","0",1.095096043
"407","2024-09-02 11:01:00","R_1rPolD5NI6gJVur",0.74,"2","2",0,"1","0","0","1",0.740143734
"481","2024-09-02 11:42:00","R_6PohjH2yzfl5FjQ",0.8,"2","3",1,"7","2","0","0",0.799097876
"408","2024-09-02 11:45:00","R_7P6aLGcBnzaLKKG",0.79,"2","1",0,"1","1","0","1",0.793310312
"481","2024-09-02 12:47:00","R_5KDSodPyIBoF9S4",0.32,"2","3",0,"7","1","0","0",0.322160542
"350","2024-09-02 13:00:00","R_2m943K0CFD0jm1P",1.53,"2","1",0,"2","1","0","0",1.532948312
"451","2024-09-02 13:42:00","R_2ieWwr0cChGg00h",1.13,"2","1",0,"1","1","0","0",1.12553349
"769","2024-09-02 14:20:00","R_3EAm8wa5a7FWi3Z",0.93,"2","2",0,"1","0","0","0",0.929002865
"343","2024-09-02 15:16:00","R_1ffrjisLRhNSXEw",0.33,"2","2",0,"2","1","0","0",0.331447884
"580","2024-09-02 15:23:00","R_75j6r6fsKopVEQh",0.45,"2","1",0,"1","1","0","0",0.450057493
"1374","2024-09-02 15:34:00","R_1oT1RaTiaBRnEUb",0.72,"2","2",0,"1","1","0","1",0.716438674
"379","2024-09-02 15:42:00","R_14C92y2cShSZgHp",1.04,"2","1",0,"1","0","0","0",1.036568737
"612","2024-09-02 16:00:00","R_1jUhgUA7sq07PRX",1.13,"2","1",0,"1","0","0","0",1.131907093
"406","2024-09-02 16:00:00","R_7zikfmt7jbuf1uz",1.38,"2","2",1,"1","1","0","1",1.378986164
"374","2024-09-02 18:09:00","R_3OfaLK4yqEOTb0Q",0.49,"2","2",0,"1","3","0","0",0.490338538
"833","2024-09-02 20:23:00","R_1TxpV1G24TEGQPn",0.81,"2","2",0,"2","0","0","1",0.814416204
"346","2024-09-03 07:52:00","R_1rlEFq8UjbqTaw8",0.81,"2","2",0,"1","0","0","0",0.812618314
"546","2024-09-03 09:03:00","R_1OHntTlMRxkpRgl",0.88,"2","3",1,"1","1","0","0",0.883017373
"321","2024-09-03 09:56:00","R_3L2nA5OA3cK1sFr",0.88,"2","1",0,"1","1","0","1",0.878242016
"359","2024-09-03 10:03:00","R_3AYwyWktH4lZqrC",0.92,"2","1",0,"2","0","0","1",0.915955871
"331","2024-09-03 10:43:00","R_1ARJiILWtQGXBVb",1.09,"2","1",0,"2","0","0","0",1.093220157
"533","2024-09-03 11:23:00","R_7LAVIeN5o5WnSX3",0.71,"2","2",1,"1","1","0","0",0.705910909
"333","2024-09-03 11:55:00","R_7K2Z95mUxpdPJGF",1,"2","2",0,"7","0","0","0",1.0028831
"385","2024-09-03 12:02:00","R_1BVGEJrIpVkldmW",0.92,"2","1",0,"1","1","0","0",0.920224803
"387","2024-09-03 12:28:00","R_5oZLuY02jtTrqH0",1.07,"2","2",0,"1","0","0","1",1.066133282
"473","2024-09-03 12:31:00","R_6kx1Sl6F4FzL1mx",1.01,"2","2",0,"2","0","0","0",1.009802136
"397","2024-09-03 12:40:00","R_7Y9S5RVqTEEGu4N",0.66,"2","2",1,"1","0","0","0",0.664794416
"461","2024-09-03 12:48:00","R_3lRoocpdbmHAmIv",1.12,"5","2",0,"1","0","0","0",1.115565775
"379","2024-09-03 14:52:00","R_75z2Vk2gkSIJSip",0.62,"2","2",0,"1","0","0","1",0.615933155
"519","2024-09-03 15:31:00","R_7CPNhmQJXzzHVNn",1.26,"2","2",0,"7","2","0","1",1.255451204
"476","2024-09-03 17:58:00","R_6IXFrI3bN2dU8i2",0.73,"2","2",0,"1","0","0","1",0.729103838
"367","2024-09-03 18:54:00","R_3SwNcJ3T6wC15Wp",1.04,"2","2",0,"1","3","0","0",1.04365246
"496","2024-09-03 19:01:00","R_694SwZgm0LqjNUe",1,"2","1",0,"1","0","0","1",0.996999631
"435","2024-09-03 19:24:00","R_6Gp454CHGNBBK7v",0.86,"2","2",0,"1","0","0","0",0.860226
"501","2024-09-03 20:26:00","R_5WTmQA9QCefOc34",1.16,"2","2",0,"1","0","0","0",1.161910328
"439","2024-09-04 06:44:00","R_3PfcnhMzDrFyfoB",0.54,"2","2",0,"1","0","0","0",0.543755974
"376","2024-09-04 11:22:00","R_6yskVNrRksrAADG",0.9,"2","2",0,"1","1","0","1",0.899970693
"383","2024-09-04 12:25:00","R_5UvbBrDrdughMqd",1.09,"2","2",0,"1","1","0","1",1.090990172
"355","2024-09-04 13:00:00","R_2bEgcCGl2VGaPaF",1.2,"2","2",0,"7","1","0","0",1.203186762
"505","2024-09-05 06:51:00","R_6Vec6JJQ03CMAie",0.88,"2","1",0,"1","0","0","0",0.878053392
"505","2024-09-05 07:00:00","R_1jcxkas73mtlCiU",0.51,"2","2",0,"1","0","1","1",0.507162323
"460","2024-09-05 10:55:00","R_5H1zIqPOResxQrW",0.67,"2","1",0,"4","0","0","1",0.673890116
"412","2024-09-05 11:24:00","R_6W70WTO5Nxm4Ww9",0.96,"2","1",0,"1","0","0","1",0.956152982
"396","2024-09-05 18:36:00","R_1hzmPkIwsM4Vxvj",0.96,"2","1",1,"1","1","0","1",0.962439219
"434","2024-09-05 22:29:00","R_3rTnE2PgPFolDTH",1.05,"2","2",0,"1","0","0","1",1.045947175
"484","2024-09-06 01:08:00","R_5z5ZI6nkgYWZZtu",0.86,"2","2",0,"1","0","0","1",0.863782223
"438","2024-09-06 17:59:00","R_69cfMfR2Xv4Hs4F",1.01,"2","2",1,"1","2","1","0",1.007992824
"416","2024-09-06 23:10:00","R_102JZindXc8iUY7",1.14,"2","1",0,"1","0","0","0",1.140157991
"518","2024-09-07 11:54:00","R_38YBp0zddy89H4R",0.84,"2","1",0,"7","0","0","0",0.843083131
"1042","2024-09-08 15:31:00","R_5EhI6wLVTYyzYCy",0.56,"2","2",0,"3","1","0","1",0.557013684
"2273","2024-09-09 14:10:00","R_702d9SpGeKkg3Gs",0.64,"2","2",0,"6","1","0","0",0.642871024
"434","2024-09-09 14:30:00","R_3UFGAEu1P79mtZn",0.84,"2","2",0,"7","1","0","1",0.835431686
"344","2024-09-10 10:56:00","R_3Q5Hp6jGrjNJHR7",1.23,"2","2",1,"2","1","1","0",1.230154812
"330","2024-09-10 10:56:00","R_6ohVqrhez76a0h8",1.06,"2","1",0,"2","1","0","0",1.064673116
"407","2024-09-10 14:06:00","R_3HieYmm7zE1NC1u",0.92,"2","1",1,"1","3","1","0",0.924786602
"417","2024-09-10 15:13:00","R_6n2sz5NHxEgBolx",0.56,"2","2",1,"2","0","0","0",0.555837666
"455","2024-09-10 16:15:00","R_5rl5VDNuy5QElY8",0.92,"2","1",NA,"1","2","0","0",0.921661335
"653","2024-09-10 16:26:00","R_6oIp49lTQaqxoVF",0.39,"2","2",0,"1","0","0","0",0.385492969
"375","2024-09-10 20:54:00","R_15ZUOlnbxmaJMam",0.89,"2","2",0,"1","0","0","0",0.891052539
"364","2024-09-11 06:00:00","R_3CHgsrijr8sXYX7",0.65,"2","2",0,"2","1","0","0",0.654411944
"465","2024-09-11 17:31:00","R_6rv6Rn419KM7fHA",0.88,"2","1",1,"1","1","0","1",0.879079821
"415","2024-09-12 17:41:00","R_5GqyfuZKeOQgbcA",0.5,"2","2",0,"7","0","0","0",0.497582026
"533","2024-09-13 13:10:00","R_65iUjOZRkCimXqF",1.08,"2","1",1,"1","1","0","1",1.083610609
"383","2024-09-13 14:41:00","R_5dFdwiBxVk4nsz1",0.75,"2","2",1,"1","0","0","1",0.747444829
"359","2024-09-13 14:43:00","R_3kuqlLCtt38EJyj",1.12,"2","2",0,"1","0","0","0",1.117146721
"541","2024-09-13 14:52:00","R_3dA0nWZNFEq0vUL",1.19,"2","2",0,"1","1","0","1",1.190060913
"422","2024-09-13 15:02:00","R_7rvvKxMZGYqASCj",1.07,"2","2",0,"5","1","0","0",1.066859712
"513","2024-09-13 15:36:00","R_3zYKyNhtmDIiz6p",0.84,"2","1",0,"7","0","0","0",0.839772425
"382","2024-09-13 15:58:00","R_3KrOqozBkLwcton",0.86,"2","2",0,"1","0","0","0",0.861266636
"493","2024-09-13 16:50:00","R_1pxS1oW3XcBU2rs",1.1,"2","1",1,"1","0","0","0",1.103836879
"348","2024-09-13 17:40:00","R_6FP8Nr2p1g9wY34",0.89,"2","1",0,"1","2","0","0",0.889855061
"536","2024-09-13 18:16:00","R_6D5iCx5WJxR9Mq4",1.29,"2","1",0,"1","0","0","1",1.292309007
"423","2024-09-13 18:19:00","R_1S0nsJkmlpNGKfD",0.39,"2","2",0,"2","1","0","1",0.387474374
"481","2024-09-13 19:21:00","R_3JVAGS80zmKERUH",0.8,"2","2",1,"1","1","0","0",0.799114391
"506","2024-09-13 19:33:00","R_7QRzun8nA63GJGh",1.1,"2","1",0,"1","1","0","1",1.101802688
"389","2024-09-13 19:36:00","R_6gclgWxrpYAneaB",0.03,"2","1",0,"1","1","0","0",0.030548235
"648","2024-09-14 16:55:00","R_3kRH7DRvQUTrzsB",0.7,"2","1",0,"1","0","0","1",0.695694145
"327","2024-09-14 17:38:00","R_3JKG1qAZ4Hyo5ke",0.44,"2","1",0,"1","0","0","1",0.436928934
"385","2024-09-14 20:29:00","R_1dG66DWNkJSqwDM",0.85,"2","2",1,"1","0","0","0",0.845255542
"400","2024-09-14 20:56:00","R_6tzlErZ7HBUliMN",0.96,"2","2",0,"1","0","0","1",0.955983216
"616","2024-09-15 10:13:00","R_3cezeJ2uAMoBWLh",0.98,"2","2",0,"3","1","0","0",0.982348166
"593","2024-09-15 12:16:00","R_3IEKEYxISTl6zdv",1.21,"2","1",0,"1","1","0","0",1.20724624
"678","2024-09-16 08:56:00","R_6V1tvhmOARN6VGp",0.42,"2","2",0,"7","1","0","1",0.420175243
"475","2024-09-16 18:00:00","R_3dTlbDIUrnBkVZv",0.99,"2","2",0,"1","0","0","1",0.989935364
"355","2024-09-16 19:39:00","R_1EuOSdKfmfiMYG1",1.09,"3","2",0,"1","1","0","0",1.087435499
"388","2024-09-16 23:24:00","R_7IXB1K0B7Yn47sX",1.2,"2","2",0,"1","1","0","1",1.204240523
"688","2024-09-17 08:53:00","R_3YLGavkmGYbefBv",0.4,"2","2",0,"1","0","0","0",0.396135953
"1006","2024-09-17 13:03:00","R_7DdH7mQVcPk0ZlD",1.15,"2","1",0,"1","1","0","1",1.153095006
"792","2024-09-17 17:28:00","R_1CHBcw5pMTQbk2Z",0.95,"2","2",1,"4","1","0","0",0.945672757
"417","2024-09-17 20:38:00","R_67k8SOWMmEgRUk1",0.94,"2","1",0,"1","0","0","0",0.938536642
"397","2024-09-17 22:00:00","R_5qkyyxkL7IUQHxj",1.16,"2","2",0,"1","2","0","0",1.162847011
"428","2024-09-18 12:20:00","R_5GrnyvhBaswvze6",0.86,"2","1",0,"1","2","1","0",0.855420777
"405","2024-09-19 08:38:00","R_1dE4dIqsw3eS1wj",0.76,"2","1",0,"1","2","1","0",0.759339703
"434","2024-09-20 00:59:00","R_3nLtStoWajHENhv",0.65,"2","1",0,"7","0","0","0",0.648744345
"495","2024-09-20 20:16:00","R_6VcARsY3whTYe9X",0.51,"2","2",0,"1","1","0","0",0.512871792
"378","2024-09-24 05:15:00","R_2fr2G47jnvNeHRt",0.41,"2","1",0,"1","0","0","1",0.410165991
"339","2024-09-30 11:30:00","R_5g7wBVQ9g4M0FBS",1.33,"2","2",0,"1","0","0","1",1.334245689
"349","2024-09-30 23:52:00","R_7b4hG1hIuazAhsR",0.74,"2","1",0,"1","0","0","0",0.739921147
"373","2024-10-01 12:52:00","R_1gBIC9m2YlBDAhT",0.8,"2","2",0,"1","0","0","0",0.804726063
"544","2024-10-07 14:52:00","R_1kO0phMIMlyCoAd",0.76,"2","2",1,"1","1","0","0",0.759678751
"88125","2024-10-08 12:42:00","R_5sYYMgLYqP2yjcJ",-0.04,"2","2",0,"2","0","0","0",-0.035827864
"518","2024-10-08 13:01:00","R_1wbCTmd9BYsc6PG",0.57,"3","2",0,"7","0","0","0",0.5697423
"448","2024-10-08 15:18:00","R_6O06marKj1ejee2",0.96,"2","1",0,"1","0","0","1",0.957564856
"455","2024-10-08 18:45:00","R_6KIWgppTT2VqRRD",1.14,"2","2",0,"1","0","0","0",1.140765194
"524","2024-10-09 16:29:00","R_1lAGda27Wm5WUNF",0.54,"2","2",0,"4","1","0","0",0.537451283
"454","2024-10-14 13:32:00","R_7dhheGF8lCxLJMi",1.15,"2","1",0,"1","0","0","0",1.147063729
"374","2024-10-17 15:34:00","R_3CIjYTxhcL52fha",0.95,"2","2",0,"1","0","0","0",0.951078989
"376","2024-10-17 19:58:00","R_6fcu4tWMgzXQjf1",0.69,"2","2",0,"1","1","0","0",0.694903868
"414","2024-10-18 12:34:00","R_3It345Qlav6d75Z",1.08,"2","2",0,"2","1","0","0",1.075211465
"367","2024-10-22 22:38:00","R_1jdCPHtXhY70pbP",1.1,"2","2",0,"1","0","0","1",1.104576412
"655","2024-10-23 08:03:00","R_7QLFopT9lhNILJF",0.72,"2","1",0,"1","0","0","0",0.724455783
"397","2024-10-27 10:33:00","R_1BOJXlMhhHL4UqR",0.45,"2","2",0,"7","1","0","1",0.447011032
"402","2024-10-29 11:03:00","R_6fxIWtTn94WNev9",0.23,"2","2",0,"3","0","0","1",0.226806377
"412","2024-10-29 11:09:00","R_3dJOVBHlIbzaItP",1.26,"2","1",NA,"1","1","0","0",1.263536961
"489","2024-10-29 20:15:00","R_5dyTfi2WgDTyG3E",0.94,"2","2",0,"1","1","0","1",0.94248668
"473","2024-10-31 13:38:00","R_6AG5wBqm1jDzvLC",1.14,"2","1",0,"1","3","0","1",1.137488929
"393","2024-11-01 20:14:00","R_7wT4pKgxG6ViwjI",1.26,"2","2",1,"7","1","1","1",1.263416595
"379","2024-11-03 10:54:00","R_3KajRX8KbzBTOjT",0.46,"2","2",1,"1","0","0","0",0.458647527
"348","2024-11-03 13:46:00","R_1wbQ2rvXB3micaK",0.64,"2","2",0,"1","0","0","0",0.637742812
"466","2024-11-03 18:32:00","R_7ImlN3dKxysmlRH",0.71,"2","1",0,"1","0","0","1",0.714642921
"364","2024-11-04 07:57:00","R_1wgZD94flX1zrjP",1.22,"2","2",0,"7","0","0","1",1.223882817
"344","2024-11-04 07:59:00","R_7X5NA1LJrH5EH0Q",0.19,"2","1",0,"1","0","0","0",0.194565679
"365","2024-11-04 08:31:00","R_3BV4MwLVrAwWOwu",1.11,"2","1",0,"1","0","0","1",1.106456911
"492","2024-11-04 08:44:00","R_7VCPaV2mG2gDI7D",1.03,"2","2",0,"6","0","0","0",1.032707812
"531","2024-11-04 08:45:00","R_7oYPdLJLqrruLLj",1.25,"2","2",0,"1","2","1","0",1.245066762
"379","2024-11-04 08:55:00","R_1LnpqLTQJkRwN33",0.64,"2","2",1,"1","0","0","0",0.637009409
"363","2024-11-04 08:58:00","R_1SzkBveNM1Pxrj3",0.76,"2","1",0,"1","0","0","0",0.762608573
"450","2024-11-04 09:02:00","R_5YVx3hfm0HR4YOl",0.74,"2","2",0,"3","1","0","1",0.744510415
"447","2024-11-04 09:28:00","R_1ydyDrxlf9WaxIA",1.02,"2","1",0,"1","0","0","1",1.021857557
"436","2024-11-04 10:02:00","R_3IqE3ZcS0thqfvP",1,"2","2",0,"1","2","0","1",0.995766655
"1160","2024-11-04 10:04:00","R_5HhIKb4GLDuY1fp",0.57,"2","2",0,"1","1","0","0",0.57079616
"408","2024-11-04 10:06:00","R_5D09KEAdDHjCZQy",1.01,"2","1",0,"1","0","0","1",1.005638419
"401","2024-11-04 10:06:00","R_33d3eChT0ORn9mS",0.89,"2","2",0,"1","0","0","0",0.885167764
"616","2024-11-04 10:39:00","R_1CeB2RFrfLREmx2",0.88,"5","1",1,"1","0","0","1",0.875323647
"6715","2024-11-04 11:00:00","R_3frGv64mk9mBmbp",0.78,"2","2",0,"1","0","0","0",0.778678671
"432","2024-11-04 11:27:00","R_5OHtniB8SlZIobY",0.75,"2","2",0,"1","0","0","1",0.745907315
"733","2024-11-04 11:30:00","R_3HZd9NUeKTOQV6p",-0.5,"2","1",0,"1","0","0","1",-0.499341197
"1447","2024-11-04 12:01:00","R_6ePmO6yJEXLqZfA",0.41,"2","2",0,"1","0","0","0",0.405812254
"486","2024-11-04 12:05:00","R_7OpEJK5ChjMiJSY",1.07,"2","1",0,"7","1","0","1",1.066411483
"378","2024-11-04 12:44:00","R_7BVO7hch7QbiPia",0.79,"3","1",0,"1","1","0","1",0.787598392
"530","2024-11-04 13:09:00","R_5qsd4V2DOi2Axu6",0.81,"2","2",NA,"1","1","0","0",0.805035301
"380","2024-11-04 15:15:00","R_5Gv6LNR7bBprqTh",0.95,"2","2",0,"1","0","0","0",0.945521169
"469","2024-11-04 15:43:00","R_5Pn3iH37cIJlRWj",0.08,"2","1",0,"1","1","0","1",0.082900923
"395","2024-11-04 16:39:00","R_7eajGXja8udJcRa",-0.13,"2","1",0,"1","0","0","1",-0.132730979
"19688","2024-11-04 17:09:00","R_6KCUWGUc5IN1z3K",0.87,"2","2",0,"1","0","0","0",0.874910548
"389","2024-11-04 18:17:00","R_5nIQfuKNBgDQPrk",0.8,"2","2",0,"1","0","0","1",0.798544489
"349","2024-11-04 18:48:00","R_3kH2ehox6pgmoRw",1.2,"2","2",0,"7","0","0","0",1.198985786
"401","2024-11-04 19:05:00","R_6rU4lnPPrdV4Rrz",1.35,"2","2",0,"1","1","0","0",1.350300198
"701","2024-11-04 19:18:00","R_1d6oqihvEs1O00e",0.01,"2","2",1,"1","1","1","0",0.010072974
"671","2024-11-04 19:39:00","R_5mk55E7FdXTGyHk",0.97,"2","1",0,"7","0","0","1",0.9724474
"1813","2024-11-04 20:39:00","R_13fCR6qREpwdsQH",-0.36,"2","2",0,"1","0","0","1",-0.357778702
"301","2024-11-04 21:15:00","R_6e4EvZsIrRCkh8f",0.95,"2","1",0,"4","1","0","0",0.950824439
"331","2024-11-04 21:40:00","R_7MMNEe6vhqUSE2y",1.1,"2","2",0,"1","1","0","0",1.095720061
"459","2024-11-04 21:43:00","R_7jNjwUh8iDr1wR1",0.96,"2","2",0,"1","1","0","0",0.955692711
"358","2024-11-04 23:33:00","R_7n1bfSE3hq3SQeo",1.13,"2","1",1,"1","1","0","0",1.128448346
"398","2024-11-05 06:30:00","R_1PUgQ1NHT3ICzEc",0.46,"2","2",0,"1","0","0","1",0.4565787
"336","2024-11-05 09:19:00","R_31EAujXD6jcWlQq",0.83,"2","1",0,"3","0","0","1",0.832051141
"405","2024-11-05 10:26:00","R_62VM17bM0d0lq2Q",0.64,"2","1",0,"1","1","0","0",0.6411251
"373","2024-11-05 14:06:00","R_6n2UorwT0Qb6OPm",0.15,"2","2",0,"7","1","0","0",0.153405572
"303","2024-11-05 14:50:00","R_7PuKgez6WqEgMCN",0.53,"2","2",0,"1","1","0","0",0.526442564
"280","2024-11-05 15:46:00","R_5wIlF9uTtuhFG4F",0.23,"2","1",0,"2","1","0","0",0.229479278
"506","2024-11-05 15:51:00","R_13Hwgnmx1NQX0Hv",1.25,"2","2",NA,"1","0","0","0",1.245366768
"403","2024-11-05 16:06:00","R_3AvsRxq4yNwBsVr",0.95,"2","1",0,"3","0","0","0",0.947817749
"370","2024-11-05 16:24:00","R_17TjxTND7TUdrZC",0.62,"2","1",0,"1","1","0","1",0.620245208
"471","2024-11-05 20:51:00","R_51cRKirOzxhNlPY",0.54,"2","2",0,"1","0","0","1",0.543664791
"389","2024-11-06 11:02:00","R_1nbkkQSjkpgsnMl",1.04,"2","2",0,"1","0","0","1",1.043645517
"454","2024-11-06 11:16:00","R_6fvUHESgbpz5JEz",1.22,"2","2",0,"1","1","0","1",1.223959337
"476","2024-11-06 12:28:00","R_7UwOTHB9GTS86xX",0.95,"2","2",1,"1","0","1","0",0.954991014
"504","2024-11-06 14:39:00","R_1DuKFqzWMDuCJ6u",0.84,"2","1",0,"7","1","0","1",0.842178438
"356","2024-11-06 19:36:00","R_5O5NvR5PTNlNa6d",0.6,"2","2",0,"1","0","0","1",0.60309402
"383","2024-11-10 14:06:00","R_145aGCKk27oc4rT",0.96,"2","1",0,"1","0","0","1",0.959650743
"427","2024-11-11 13:00:00","R_6sc7pUFTin7o8j7",0.91,"2","2",0,"1","1","0","1",0.907224683
"324","2024-11-11 16:08:00","R_6lGLBdmR7PLzu67",0.63,"2","1",1,"1","1","0","0",0.627255548
"370","2024-11-12 08:32:00","R_7RlvcQCIwaZaUa5",1.05,"2","2",0,"1","0","0","1",1.049060357
"356","2024-11-12 19:22:00","R_12RdaKW4nEiiDTz",0.49,"2","1",0,"1","0","1","0",0.49490126
"400","2024-11-13 08:51:00","R_5OeH9G7BXfbmTwq",0.94,"2","2",0,"1","0","0","1",0.942882374
"768","2024-11-14 09:02:00","R_5WJalGkDcZZqiW4",0.96,"2","2",0,"2","0","0","0",0.955872499
"584","2024-11-14 14:58:00","R_3P6SF8in5VgJTQg",0.86,"2","1",0,"2","1","0","0",0.863820841
"374","2024-11-14 15:56:00","R_1kBrwsSqzQc8XB1",1.08,"2","2",0,"1","1","0","0",1.084454781
"357","2024-11-14 18:34:00","R_5rlvZioTpVkogog",0.35,"2","1",0,"1","0","0","0",0.349531508
"352","2024-11-16 10:42:00","R_55v1DuScjuuhFrb",0.5,"2","2",0,"7","0","0","0",0.498029881
"441","2024-11-19 13:18:00","R_6z8B0hthPA8cVLX",1.01,"2","1",1,"1","2","0","0",1.00825691
"608","2024-11-19 17:50:00","R_1OoTTANVes40Rgu",0.85,"2","2",0,"1","1","0","0",0.848717861
"429","2024-11-19 18:38:00","R_73kDmtSjBBtmWFO",0.85,"2","1",0,"1","0","0","1",0.854910353
"557","2024-11-19 19:01:00","R_33mE1mlQqChexjj",1.08,"2","1",0,"1","0","0","1",1.078673467
"479","2024-11-19 19:14:00","R_3EGwvDU5pbB7jK5",0.43,"2","1",0,"1","1","0","1",0.427641281
"327","2024-11-19 22:21:00","R_13e4j1vOlsufBPW",0.85,"2","1",0,"1","0","0","1",0.850499123
"456","2024-11-20 04:46:00","R_6gVEdMcbrm2CxQ5",0.91,"2","2",0,"1","0","0","1",0.906795065
"376","2024-11-20 08:59:00","R_3NlYjSzL6j6TEsJ",0.83,"2","1",0,"1","0","0","1",0.83164141
"345","2024-11-20 09:47:00","R_3lpQsnDCvDy9UB3",0.45,"2","1",0,"1","1","0","1",0.454190312
"472","2024-11-21 09:51:00","R_7BZHjdY5PVZb4Vr",0.51,"2","2",0,"1","2","0","0",0.512875697
"482","2024-11-21 11:49:00","R_5rDsC0Lms2dlgHx",0,"2","1",0,"3","2","1","1",-0.00123503
"356","2024-11-22 09:07:00","R_3QLggJ31Y0LuWP2",0.26,"2","1",0,"1","1","0","1",0.255898265
"504","2024-11-22 13:13:00","R_3gXT5QrtPX4C2vo",0.52,"2","2",0,"1","1","0","0",0.51965483
"390","2024-11-22 18:12:00","R_7iwBvVTYhkEvnYZ",0.82,"2","2",0,"1","0","0","1",0.823952786
"303","2024-11-23 12:05:00","R_1nT42gsxpTl9SKO",0.77,"2","2",0,"1","0","0","1",0.767931098
"398","2024-11-25 10:45:00","R_7DOO4Wl2lmrrtMB",0.62,"2","2",0,"1","1","0","1",0.622831565
"560","2024-11-25 13:56:00","R_1zA1RI7bwu9BQYh",1.25,"2","2",0,"1","0","0","0",1.247703331
"414","2024-11-25 18:29:00","R_7Pixi3TiV9VCb0V",1.03,"2","1",0,"7","0","0","1",1.030333833
"647","2024-11-25 20:42:00","R_5d6Qif9myhTfzOL",0.57,"2","2",NA,"1","0","0","0",0.567478941
"552","2024-11-26 08:51:00","R_3FIl5t6o4PQrc73",1.09,"2","1",0,"7","0","0","0",1.08507055
"473","2024-11-26 12:09:00","R_7Ce1gfFCKetPNxH",0.77,"2","2",1,"1","0","0","0",0.76572021
"422","2024-11-26 13:52:00","R_5MSu691AsJQiDmv",1.18,"2","2",0,"1","1","0","0",1.176510898
"460","2024-11-26 14:19:00","R_7llVd8mRlhFjViC",0.94,"2","2",0,"1","1","0","0",0.938452382
"352","2024-11-26 15:27:00","R_1MqFNJAlP9SGMvv",0.51,"2","1",0,"6","2","1","0",0.514301657
"763","2024-11-26 16:24:00","R_3nPkVwPSdVAR0Uh",0.89,"2","1",0,"1","1","0","0",0.888516624
"375","2024-11-26 16:53:00","R_1GlDO9M0CmdCqqj",0.92,"2","1",0,"1","0","0","1",0.91530249
"386","2024-11-26 18:18:00","R_30iqpJxOIhoiMqp",0.73,"2","2",0,"1","0","0","1",0.728281857
"340","2024-11-26 19:08:00","R_5SuBRTVxXlVUzFA",0.69,"2","2",0,"7","1","0","0",0.685313998
"499","2024-11-26 20:06:00","R_11oXqhygxRCaJwR",1.2,"2","2",1,"1","1","0","0",1.203834825
"388","2024-11-26 22:05:00","R_6lxKSPJzegZsPUd",0.92,"2","2",0,"1","1","0","1",0.916615455
"424","2024-11-27 06:31:00","R_64LWzZp7p49eyJ6",0.53,"2","1",0,"1","1","0","0",0.52519273
"384","2024-11-27 10:40:00","R_6zYpOIXPto5euL0",0.66,"2","1",0,"4","2","0","0",0.658035048
"458","2024-11-27 10:55:00","R_3PBSopT2VPxPzvs",1.22,"2","1",0,"1","0","0","1",1.22095632
"425","2024-11-27 12:03:00","R_5NxHhRzM3GkBRh0",0.54,"2","1",0,"1","1","0","1",0.539714142
"389","2024-11-27 17:51:00","R_1jV0w1btKIO3Nu1",1.03,"2","2",0,"1","0","0","1",1.029556683
"525","2024-11-27 20:04:00","R_5mVHyAu5uut5bqN",1.09,"2","2",0,"1","0","0","0",1.090761649
"373","2024-11-29 19:35:00","R_7QXnE1rUQF6oFhL",1.08,"2","2",0,"7","1","1","1",1.079607733
"499","2024-11-30 08:06:00","R_6OjIOH4QKUBiKam",0.65,"2","1",0,"2","1","0","1",0.649876653
"413","2024-11-30 12:18:00","R_7U3gJnik6ZzfHij",0.54,"2","2",NA,"7","1","0","1",0.537041564
"416","2024-11-30 15:20:00","R_61mwNEi0V0NHvp0",1,"2","1",0,"1","0","0","0",0.996915835
"479","2024-11-30 16:22:00","R_6dRMzXpbjmYrhRf",0.87,"2","2",0,"1","1","0","0",0.868578765
"1508","2024-12-01 10:20:00","R_52QfaF21HCZ5fOY",0.43,"2","1",0,"2","1","0","1",0.431613914
"356","2024-12-01 14:53:00","R_31p7s4Li2lVLWxw",0.99,"2","2",1,"1","0","0","1",0.989568017
"448","2024-12-01 15:23:00","R_1nr9TYXStNqa4Iw",0.24,"2","2",0,"3","1","0","0",0.242706786
"1328","2024-12-01 16:23:00","R_6fB70LkzBRwq9zN",0.94,"2","1",0,"1","1","0","0",0.940657397
"811","2024-12-01 17:54:00","R_5m498t13jevMGsy",0.1,"2","2",1,"2","1","0","0",0.100090645
"1014","2024-12-01 20:47:00","R_5EsPuMBNOHzwXmv",0.65,"2","2",0,"1","0","0","1",0.65010533
"348","2024-12-01 21:23:00","R_1ZIFP4BCklogQVg",0.6,"2","2",0,"7","1","0","1",0.598248884
"383","2024-12-01 21:34:00","R_1aExb6OS6Sv0Zgd",0.68,"2","1",1,"7","2","1","1",0.679681529
"754","2024-12-02 08:46:00","R_3smFM0F08zspWgX",0.63,"2","2",0,"1","0","0","1",0.633253503
"423","2024-12-02 10:09:00","R_1zdycMRH4UmI4sW",0.98,"2","1",0,"1","0","0","1",0.976746981
"362","2024-12-02 10:15:00","R_5rwZoVRbyCWtfz5",-0.32,"2","2",0,"1","1","0","1",-0.315745549
"443","2024-12-02 11:25:00","R_3H8D84DgE1MAdnB",0.49,"2","1",0,"1","0","0","1",0.491448715
"373","2024-12-02 11:48:00","R_7L7sNxuZDLAqpLl",0.55,"2","2",0,"1","1","0","0",0.552302003
"394","2024-12-02 14:11:00","R_6PzoFJquV8dyuFb",1.01,"2","2",0,"1","0","0","1",1.010280501
"493","2024-12-02 14:19:00","R_60BGhMZ7PtTgl0O",1.23,"2","1",0,"1","0","0","0",1.226745181
"369","2024-12-02 14:45:00","R_1R99NxJRZzkBzeF",0.93,"2","2",1,"1","1","0","0",0.93097495
"775","2024-12-02 16:02:00","R_1dFy71Y3yblCQ1U",0.95,"2","1",NA,"1","2","0","0",0.949645671
"606","2024-12-02 16:08:00","R_3ffGQ2N1q62qqrN",0.35,"2","2",0,"1","1","0","0",0.347038074
"319","2024-12-02 16:39:00","R_1cqEGHkrIgbS1Os",0.69,"2","2",0,"7","0","0","1",0.692711928
"335","2024-12-02 17:43:00","R_5IOJj0UJciFxPJn",0.57,"2","1",0,"1","2","0","1",0.566438542
"410","2024-12-02 18:01:00","R_7ggnAjOfDqN2em5",1.1,"2","1",0,"7","2","0","0",1.10001755
"527","2024-12-02 18:32:00","R_1JEgEMAhUw9rqjv",1.09,"2","2",0,"1","0","0","0",1.093107738
"1416","2024-12-02 19:26:00","R_1cZic1lkC0RiFpA",0.8,"2","1",0,"1","0","0","0",0.802939977
"371","2024-12-02 20:00:00","R_5oTIGftgd5o7xlg",0.49,"2","1",NA,"7","0","0","1",0.487067268
"444","2024-12-02 20:56:00","R_6ru7c7qoPNhIoJ5",1.05,"2","2",0,"7","0","0","1",1.045818072
"488","2024-12-02 22:44:00","R_3ZPMPgtbIx52hL2",1.24,"2","1",0,"1","0","0","1",1.240413094
"538","2024-12-03 08:31:00","R_7xM4wjedofAnGjD",1.06,"2","2",0,"1","1","0","0",1.05983908
"628","2024-12-03 08:51:00","R_6Kjc42CCB4GI5Lr",1.31,"2","1",0,"1","1","0","1",1.307080339
"345","2024-12-03 11:38:00","R_17NBbNpT3txv9AM",0.81,"2","2",0,"1","1","0","0",0.811780168
"426","2024-12-03 11:44:00","R_5V2MZaDyimxZ12q",1.02,"2","1",0,"1","1","0","1",1.015565759
"498","2024-12-03 11:50:00","R_7JgcTMhQgYfs6u9",0.42,"2","2",0,"7","0","0","1",0.417768251
"432","2024-12-03 11:57:00","R_5qKXcXdiuYnfREv",0.87,"2","1",0,"1","1","0","1",0.867582129
"11794","2024-12-03 12:09:00","R_1h4PzLO5VkVhK91",0.84,"2","2",0,"7","1","0","0",0.837922603
"811","2024-12-03 12:14:00","R_75XFkkyrcqSppej",0.21,"2","2",0,"1","1","0","1",0.209597285
"421","2024-12-03 12:48:00","R_5n8aTAY5wCoEYqR",1.05,"2","2",0,"1","0","0","1",1.05114854
"421","2024-12-03 13:52:00","R_52UZPcNCvClrw0e",1.15,"2","1",0,"1","0","0","1",1.154474758
"498","2024-12-03 14:09:00","R_3pSq7Za6cx7W8Ug",1.01,"2","1",0,"1","1","0","0",1.014608347
"398","2024-12-03 14:35:00","R_3FDIgnmS3WhHBxr",0.94,"2","1",0,"1","0","0","1",0.935200935
"389","2024-12-03 15:12:00","R_5LXoqVnoA3peVXo",1.14,"2","1",0,"5","1","1","1",1.144696232
"417","2024-12-03 15:26:00","R_3mXGxB5hFjSg6rs",0.96,"2","2",0,"1","0","0","1",0.961923946
"410","2024-12-03 15:30:00","R_3Bne66CisehxS5A",1.32,"2","1",0,"1","1","0","0",1.321285655
"426","2024-12-03 15:32:00","R_75PjMLb1oYsF8Rz",0.82,"2","3",1,"1","1","0","0",0.817183225
"361","2024-12-03 15:33:00","R_3Ko7f09zJngVyJb",0.4,"2","2",0,"1","0","0","0",0.403497552
"344","2024-12-03 16:17:00","R_58q9F4lzMv62sSt",1.07,"2","1",0,"1","0","1","0",1.065284645
"536","2024-12-03 16:23:00","R_7PCn1xvi1qrAw1j",0.53,"2","1",0,"1","1","0","0",0.528316065
"330","2024-12-03 16:53:00","R_5EbMAacABsK7e2A",1.26,"2","1",0,"1","0","0","1",1.261534828
"503","2024-12-03 18:12:00","R_3R1XP6PQQL4zpAd",0.89,"2","1",0,"1","1","0","1",0.88601673
"404","2024-12-03 18:13:00","R_3pillyqpgvSxrEI",1.31,"2","1",0,"1","0","0","1",1.309044088
"401","2024-12-03 18:15:00","R_5hhDeWM1D8nogXn",0.6,"2","1",0,"1","0","0","1",0.596701052
"341","2024-12-03 18:25:00","R_5ojSIiahQyOWk8t",1.15,"2","2",0,"2","1","0","0",1.147304738
"407","2024-12-03 18:28:00","R_1XU0bijSMzm5y4V",1.09,"2","2",0,"1","0","0","0",1.088071366
"2092","2024-12-03 18:29:00","R_17Bhbie8rAWSp32",0.91,"2","2",0,"1","0","0","0",0.905197529
"423","2024-12-03 18:34:00","R_7vlH7tpuCxIfcbf",0.58,"2","2",0,"1","0","0","1",0.577475394
"675","2024-12-03 19:23:00","R_365zRC8QeNsA8TF",1.23,"2","2",0,"1","0","0","0",1.226233244
"483","2024-12-03 20:15:00","R_5IJQZFI8L7evOsV",0.92,"2","1",0,"7","1","0","0",0.924964967
"356","2024-12-03 21:31:00","R_3qJBuiNztzpEFqQ",0.72,"2","2",0,"1","0","0","1",0.720465919
"413","2024-12-03 21:37:00","R_3TnJWwPOes2RAut",0.73,"2","2",0,"1","0","0","0",0.729697804
"404","2024-12-03 21:49:00","R_6OJI354WHnUeZnr",1.21,"2","2",0,"3","0","0","1",1.205941314
"341","2024-12-04 06:56:00","R_65hSFPTHjpTNGIV",0.9,"2","1",0,"2","1","0","0",0.895744078
"427","2024-12-04 07:14:00","R_6ndEVStONoirOo7",0.8,"2","1",0,"1","1","0","1",0.800432837
"354","2024-12-04 07:22:00","R_7DUqTCAxknsGaUB",0.89,"2","2",0,"3","1","0","0",0.887694695
"326","2024-12-04 08:04:00","R_7f8vCrVVy3OyRml",0.95,"2","2",0,"2","1","0","0",0.952339553
"361","2024-12-04 08:34:00","R_6izD12qbmsbnrb3",1.02,"2","1",0,"1","2","0","0",1.022973608
"523","2024-12-04 09:15:00","R_7npGNP2VMrLMlWT",0.68,"2","1",0,"1","1","0","0",0.682502659
"6418","2024-12-04 09:21:00","R_6EYKUrYcZ9pchB0",1.03,"2","2",NA,"1","1","0","0",1.030652336
"623","2024-12-04 09:36:00","R_7P5yPAb9uphe0eO",0.75,"2","2",0,"1","1","0","0",0.754666773
"381","2024-12-04 10:04:00","R_1WHxa6b98x6vT9z",1.11,"2","1",0,"1","1","0","1",1.106209567
"329","2024-12-04 10:13:00","R_5ALtknMsidOz4wB",0.41,"2","2",0,"7","1","0","0",0.41051683
"374","2024-12-04 10:24:00","R_1FdAxRwb8du1TNv",0.91,"2","2",0,"1","1","0","0",0.91333465
"472","2024-12-04 10:42:00","R_5CZ0iWycMugWyvn",0.41,"2","1",0,"1","1","0","1",0.406669566
"374","2024-12-04 12:08:00","R_3rp8qrUghPBrSo6",1.41,"2","1",0,"1","2","0","1",1.41359978
"387","2024-12-04 12:17:00","R_7FIGWOfEq4vuxN7",0.93,"2","2",0,"2","0","0","0",0.933772385
"370","2024-12-04 12:20:00","R_50GHlmKbjELQ0wG",0.83,"2","2",1,"1","2","0","0",0.830599437
"450","2024-12-04 12:44:00","R_5JeX9507NGiDbMR",0.73,"2","2",0,"7","0","0","1",0.732307019
"558","2024-12-04 13:31:00","R_5VnQ31GGfiFPE1X",0.51,"2","1",0,"1","2","0","0",0.50912302
"475","2024-12-04 13:52:00","R_61coxx4Vb4jt8O4",0.59,"2","1",0,"7","0","0","1",0.588038148
"377","2024-12-04 13:53:00","R_7F57XmxtPpqesFL",1.08,"2","1",0,"1","1","0","0",1.076480966
"821","2024-12-04 14:28:00","R_1fpbgUVSGhwg90z",1.08,"2","2",0,"1","1","0","1",1.08200657
"379","2024-12-04 14:36:00","R_3JxbrXpn9DsgS5P",0.37,"2","2",0,"1","2","0","1",0.37157944
"3894","2024-12-04 14:42:00","R_6C0W8XzLZbIaEHb",1.15,"2","2",0,"2","1","0","1",1.152778752
"567","2024-12-04 14:50:00","R_3ew3Nif79wwtmx1",0.7,"3","3",1,"7","1","0","0",0.697745979
"456","2024-12-04 14:52:00","R_5X4BF3ir6U1RQqU",1.27,"2","1",0,"7","2","0","1",1.274150853
"674","2024-12-04 15:16:00","R_6I5eDRaAlvH0MEP",0.47,"2","2",0,"7","1","0","1",0.474550594
"468","2024-12-04 15:19:00","R_7q9hihtQWpbRncV",0.42,"2","2",1,"1","0","0","0",0.424523082
"494","2024-12-04 15:24:00","R_1FQIsUI91psCqHJ",-0.11,"2","2",0,"7","1","0","1",-0.107637083
"646","2024-12-04 15:46:00","R_7FOktmeEqSWInuQ",0.82,"2","1",0,"1","0","0","1",0.820377208
"364","2024-12-04 15:47:00","R_6kLkmUh8ohcMq1v",1.03,"2","1",0,"1","2","0","1",1.025811077
"540","2024-12-04 16:18:00","R_3RRxEpOEMjI9C7L",1.01,"2","1",0,"1","0","0","1",1.013936377
"438","2024-12-04 16:19:00","R_13kY2XFTedrZheS",0.71,"2","2",0,"1","1","0","0",0.709287104
"608","2024-12-04 16:21:00","R_5HRGbZropOr4aBe",0.87,"2","2",0,"1","1","0","0",0.867207563
"408","2024-12-04 16:32:00","R_5ziIHwkGsLv6GLk",0.84,"2","2",0,"1","0","0","1",0.842582874
"344","2024-12-04 16:52:00","R_1HLlMHhjbAj3YVt",0.64,"2","2",0,"1","2","0","0",0.639638805
"427","2024-12-04 16:55:00","R_5zqfSNgaWI8JHgV",0.58,"2","2",0,"1","0","0","0",0.580792594
"410","2024-12-04 17:17:00","R_8J42Z9n0WSOtHn2",1.06,"2","2",0,"2","1","0","0",1.061311361
"427","2024-12-04 17:24:00","R_3VmgApcHR9cgCt4",1.23,"2","1",0,"1","1","0","0",1.227261202
"364","2024-12-04 18:04:00","R_6WuLyMVTkqzRwnr",1.12,"2","2",0,"2","0","0","1",1.119631388
"417","2024-12-04 18:08:00","R_3IjhsylTGg2BpK2",1.35,"2","2",0,"1","1","0","0",1.348047133
"442","2024-12-04 18:19:00","R_7e3Ws7nXtlNj3FO",0.73,"2","2",0,"1","1","0","0",0.729428381
"443","2024-12-04 18:35:00","R_76eWFFUaRNoMePi",0.83,"2","1",0,"1","2","1","0",0.832512576
"418","2024-12-04 18:44:00","R_6ZD0TPWGG9X6uLP",0.08,"2","2",0,"1","1","0","1",0.077729662
"498","2024-12-04 18:46:00","R_54w2VLdtm3EQz7v",0.87,"2","2",0,"1","0","0","0",0.874053522
"704","2024-12-04 18:59:00","R_1GkieEV7V5L0NEd",0.8,"2","2",1,"7","1","0","0",0.796982716
"530","2024-12-04 19:05:00","R_138Qt7IwlE7pbRs",0.85,"2","1",0,"1","1","0","1",0.845155933
"417","2024-12-04 19:32:00","R_1P4wndnE1bOyxVU",0.16,"2","1",0,"1","1","0","1",0.157720243
"374","2024-12-04 20:25:00","R_3W7RAKcq4ejJQnD",0.6,"2","2",0,"1","1","1","0",0.597411752
"537","2024-12-04 20:50:00","R_3mmKrvNelmlqUVu",0.89,"2","1",0,"7","0","0","1",0.89359012
"596","2024-12-04 21:01:00","R_3E5EcELMB4BoKzN",0.25,"2","2",1,"2","2","1","0",0.246333665
"2253","2024-12-04 21:09:00","R_1nNnrvnMh8XZH2o",1.37,"2","1",0,"1","1","0","0",1.367050527
"428","2024-12-04 21:11:00","R_7NPvrwlz04g5Iq9",0.86,"2","2",NA,"1","2","1","1",0.857462805
"370","2024-12-04 21:13:00","R_1h1chLOHuUt1geB",0.76,"2","1",0,"1","2","0","0",0.759651872
"482","2024-12-04 21:14:00","R_396ev2wOIfvIGhR",0.68,"2","2",0,"1","1","0","1",0.680319345
"347","2024-12-04 21:21:00","R_3TYDksjH50eNSvv",0.81,"2","1",0,"1","1","0","1",0.807734176
"392","2024-12-04 21:40:00","R_57mlVHKQD36SHFy",1.06,"2","2",0,"1","1","0","0",1.062180776
"639","2024-12-04 21:54:00","R_7OSJZdqt9r29jxg",0.78,"2","2",0,"1","0","0","0",0.781197918
"410","2024-12-04 22:38:00","R_6FnYXQNChFkuYEM",-0.14,"2","1",0,"1","0","0","1",-0.139367442
"434","2024-12-05 18:36:00","R_1gLKftr0mBcasoj",1.03,"2","1",0,"2","4","1","0",1.027465635
"774","2024-12-08 19:31:00","R_8nNmVFl2rhBw9gP",0.97,"2","3",0,"1","1","0","1",0.967503341
"367","2024-12-08 19:38:00","R_6rP1CISNn3kfJ45",0.84,"2","1",0,"7","2","1","1",0.844123768
"538","2024-09-25 09:19:00","R_13MjDLgAAlAxUtj",1.31,"7","2",0,"7","1","1","0",1.306728304
"14285","2024-09-25 11:00:00","R_654OC4aTUcQOmmR",0.98,"3","2",0,"7","3","0","0",0.979747474
"403","2024-09-29 14:38:00","R_5DeJ5yDo40A4g6l",1.26,"3","2",0,"1","1","1","0",1.255425989
"495","2024-09-28 14:00:00","R_5Dr5ejZHpBj18kc",1.04,"2","1",0,"1","3","1","0",1.043092454
"395","2024-09-28 14:29:00","R_31ddHCXoz7Fc6z5",0.7,"2","2",0,"1","1","0","0",0.699783295
"450","2024-09-28 15:22:00","R_7apDqqiawM9sWkx",1.05,"2","2",0,"7","1","0","0",1.053278202
"443","2024-09-28 15:36:00","R_5P5NRKGmWAYhNeN",0.72,"2","2",0,"1","0","0","0",0.720042044
"524","2024-09-28 15:50:00","R_7IHtFgh0a0kcfiz",1.05,"3","1",0,"1","1","0","0",1.046140623
"511","2024-09-28 17:40:00","R_5rZmYLf9843bJEN",0.6,"2","3",0,"1","1","0","0",0.59939718
"315","2024-09-28 17:56:00","R_1KlJkgm7FkQBSRt",0.55,"2","2",0,"5","1","0","0",0.545641906
"418","2024-09-28 18:16:00","R_7rGOerFOO2qGewU",0.91,"2","2",0,"7","0","0","0",0.911690911
"738","2024-09-28 20:44:00","R_638NPtSjz0YlJ86",0.66,"2","2",0,"1","0","0","0",0.65955533
"477","2024-09-29 12:12:00","R_1Bsx9wjovYqeoMx",0.54,"2","3",0,"1","0","0","0",0.53632455
"352","2024-09-30 07:15:00","R_7KwPhAGfbIuulWY",0.84,"2","2",0,"1","1","0","1",0.844010995
"588","2024-10-01 09:30:00","R_7wp75m3CYK0S7wB",0.77,"2","2",0,"1","1","0","0",0.768641681
"340","2024-08-29 10:27:00","R_3f3CBLgXToPoL8S",0.56,"4","3",1,"1","0","0","0",0.562731073
"393","2024-08-29 10:28:00","R_5iPiAYjIy2QivI2",1.17,"3","2",1,"7","4","1","0",1.17132452
"494","2024-08-29 10:28:00","R_7lrClzchQV09S5P",0.97,"3","3",1,"1","2","0","0",0.969873175
"443","2024-08-29 10:32:00","R_1fl1wKCPuoQ4yar",1.26,"4","2",1,"3","4","1","0",1.256350457
"387","2024-08-29 10:35:00","R_1kTVAcdI1rEpvyG",1.07,"2","2",1,"1","1","1","0",1.065512165
"473","2024-08-29 10:38:00","R_7thWRkydZjiJnKb",0.98,"4","2",1,"1","1","1","0",0.976127591
"716","2024-08-29 10:41:00","R_3ZJGVBdwdIyUcTq",1.05,"6","2",1,"1","2","0","0",1.050743152
"393","2024-08-29 10:54:00","R_51kfLACfEWmmNEJ",0.88,"4","1",1,"2","2","0","0",0.884134999
"343","2024-08-29 11:05:00","R_6A1rJiMwKkkv47t",0.8,"3","1",1,"7","4","1","0",0.796306308
"1676","2024-08-29 11:29:00","R_5IQO66hl4eFPOTQ",1.05,"3","2",1,"1","1","0","0",1.050437259
"444","2024-08-29 11:41:00","R_7j1LwKVJADvsnSV",1.09,"3","2",1,"4","3","1","0",1.088890977
"515","2024-08-29 12:38:00","R_3Vszze0eedqf432",0.87,"7",NA,1,"1","2","0","0",0.867725203
"8545","2024-08-29 14:24:00","R_3JpdBGOAc2HSxhL",0.82,"3","2",1,"4","2","0","0",0.820335102
"367","2024-08-29 14:33:00","R_1LXv2GbYRTXeQBk",1.15,"3","2",1,"1","3","1","0",1.147596042
"371","2024-08-29 14:34:00","R_1Ho943lO1cGeXgx",0.94,"3","2",1,"1","2","1","0",0.93595699
"438","2024-08-29 15:11:00","R_6TNUR9nPi25TUNh",1.23,"5","2",1,"1","2","1","0",1.234927948
"738","2024-08-29 15:13:00","R_7hTsHVc1E4DydqC",0.9,"3","1",1,"1","2","1","0",0.900768327
"465","2024-08-29 16:42:00","R_52G1v1kXxeTDf5y",1.08,"4","2",1,"7","2","0","0",1.075413422
"528","2024-08-29 18:16:00","R_57g3DmqHSsJzDYR",1.42,"6","1",1,"1","4","1","0",1.419990447
"654","2024-08-30 06:07:00","R_5QEF6bfG7KBfG2Y",0.75,"4","2",1,"4","1","0","0",0.747175717
"404","2024-08-30 06:22:00","R_8JwQXmebALH0zjR",0.07,"2","1",1,"4","1","1","0",0.070553991
"365","2024-08-30 06:28:00","R_7lVVP5HZndi6P97",1.35,"3","1",1,"1","3","1","0",1.350107696
"506","2024-08-30 07:02:00","R_7fjazzhI1T1Em6i",0.39,"3","2",1,"4","2","0","0",0.390937706
"379","2024-08-30 07:54:00","R_73pyUf2cCbiPEzz",1.36,"2","2",1,"1","1","0","0",1.358069538
"488","2024-08-30 08:31:00","R_7pYYHxyzgT0Pw1v",1.18,"5","2",1,"7","2","0","0",1.182893217
"554","2024-08-30 08:40:00","R_3466yLbfC4P0UsV",0.42,"4","1",1,"1","2","0","0",0.417129703
"525","2024-08-30 08:49:00","R_7Nsll9AYmRRJfjS",0.48,"2","2",1,"1","1","0","0",0.478414838
"469","2024-08-30 09:02:00","R_1WRSxQ4YH5en2WR",0.84,"3","2",1,"1","3","1","0",0.837923792
"476","2024-08-30 09:05:00","R_3j8H1ZH5UqMr2Rr",0.72,"5","1",1,"4","2","0","0",0.720759481
"514","2024-08-30 09:14:00","R_1IY02E5Oi4DFpVU",0.91,"3","2",1,"1","1","0","0",0.914016512
"360","2024-08-30 09:59:00","R_3rIWI4s4s61WT6S",0.53,"3","2",1,"7","2","1","0",0.527133573
"764","2024-08-30 10:27:00","R_39KfRl9EnDv4W41",1.13,"5","1",1,"1","2","1","0",1.128181501
"391","2024-08-30 10:28:00","R_10jfi3S2nBvAMPK",0.9,"3","2",1,"1","0","0","1",0.895879952
"14630","2024-08-30 10:55:00","R_5ff3692oHNnTr34",1.24,"2","2",1,"2","3","0","0",1.241871898
"419","2024-08-30 11:04:00","R_6jfxlQrZC4g0T3p",0.39,"2","1",1,"1","2","1","0",0.386313768
"417","2024-08-30 11:32:00","R_1kInoxNifgehyl6",1.03,"3","2",1,"4","1","0","0",1.0292795
"638","2024-08-30 11:42:00","R_7G1tfHE65hjrHPj",1.42,"5","2",1,"2","3","1","0",1.417444192
"400","2024-08-30 12:49:00","R_50qMg6EaFSqQ6PZ",0.96,"4","1",1,"1","1","0","0",0.96459668
"528","2024-08-30 13:19:00","R_5Rf2jRRNmMGPV4G",1.15,"2","1",1,"7","2","1","0",1.154903261
"442","2024-08-30 14:21:00","R_1pJuvk9A62TzkUp",1.18,"3","2",1,"7","2","1","0",1.18104167
"691","2024-08-30 18:45:00","R_6EXwp0dFRkHwBcm",0.24,"3","2",1,"1","2","0","0",0.239184416
"528","2024-08-31 06:29:00","R_5QJRRxLso86QWvC",1.35,"2","2",1,"7","1","0","0",1.349072569
"633","2024-08-31 08:17:00","R_3LZgfyzdrACoof7",0.79,"5","2",1,"1","4","0","0",0.794947622
"422","2024-08-31 16:45:00","R_3TZxDDl5vWNFs6V",1.22,"3","2",1,"1","2","0","0",1.219092889
"686","2024-08-31 20:19:00","R_7NtBaCJOH9Cix6i",0.42,"2","3",1,"4","1","0","0",0.4198764
"597","2024-09-01 08:42:00","R_7zXSBQluOOi7XmF",1.23,"5","1",1,"1","2","1","0",1.228979259
"396","2024-09-02 10:35:00","R_7dW9Hwu5ERBRFM8",0.44,"3","2",1,"7","3","1","0",0.440033152
"390","2024-09-03 13:01:00","R_6U2XZG5tKMsh93O",0.95,"5","2",1,"3","1","0","0",0.945824861
"727","2024-09-04 10:29:00","R_6FXU2ENMMWcyk8A",0.38,"3","1",1,"1","4","1","0",0.377226777
"729","2024-09-04 12:46:00","R_7CvhUapczT0z8XL",0.88,"2","2",1,"7","4","1","0",0.875414697
"480","2024-09-04 21:00:00","R_3ClcZ0JMxWBJ2jx",0.86,"3","2",1,"1","2","1","0",0.857798952
"497","2024-09-05 06:14:00","R_5RQ8dzQR7vX40el",0.67,"3","2",1,"1","2","0","0",0.666336679
"399","2024-09-06 10:13:00","R_6M6adXn5oxvF6H0",0.59,"2","2",1,"1","0","0","1",0.59135458
"530","2024-09-11 07:53:00","R_7Vwt1SczTTsjFir",1.09,"3","2",1,"1","1","1","0",1.088051913
"413","2024-09-15 14:43:00","R_7s7HuOnCNDgUUDZ",1.13,"3","2",1,"1","1","0","0",1.132110524
"471","2024-09-17 16:51:00","R_7e9MW05QpJH7rC0",0.88,"3","2",1,"1","2","1","0",0.876325708
"339","2024-09-19 13:32:00","R_3LbeqYPHqBQyu1U",0.64,"3","2",1,"1","1","0","0",0.642829044
"446","2024-09-02 09:05:00","R_3sXgrCgsF1McXKS",0.81,"5","2",1,"4","1","0","0",0.809814837
"513","2024-09-02 09:05:00","R_7fefShZZRTmJmhr",1.32,"5","1",1,"7","2","1","0",1.323140259
"657","2024-09-02 09:12:00","R_7eUV5jWeIQ8Jo79",0.93,"4","3",1,"1","1","1","1",0.930734033
"687","2024-09-02 09:29:00","R_88SuCm59ZEr4I1i",1.05,"3","1",1,"1","3","1","0",1.050052244
"526","2024-09-02 10:54:00","R_1qVvbww3OTOPWci",1.02,"3","2",1,"1","1","0","0",1.024277949
"385","2024-09-02 10:59:00","R_5o7gs9znIegk21H",0.84,"2","1",1,"7","1","1","0",0.840706748
"336","2024-09-02 11:55:00","R_3DhGMapsDYEiWvG",0.95,"2","2",1,"2","1","1","0",0.946659544
"444","2024-09-02 17:14:00","R_36fZpRDvIFzgO1h",0.01,"4","2",1,"1","2","1","0",0.008365885
"326","2024-09-03 05:29:00","R_7lDG76yqSGFNIj9",1.22,"3","1",1,"2","2","1","0",1.221804483
"535","2024-09-03 06:27:00","R_3effCZg0Fipdrly",1.02,"3","2",1,"1","2","1","0",1.020988328
"386","2024-09-03 06:49:00","R_7hzlPrs7yTE9dkK",1,"2","2",1,"1","1","0","0",0.995140572
"506","2024-09-03 07:04:00","R_1y8A5mA9ysk5DsP",0.66,"3","2",1,"1","1","0","0",0.65579725
"1031","2024-09-03 07:56:00","R_1i59so0JLajKZZg",0.76,"4","2",1,"1","2","0","0",0.756715279
"811","2024-09-03 08:56:00","R_7xWxLFdE3ILJ4tU",0.5,"3","1",1,"1","1","0","0",0.501880743
"578","2024-09-04 09:24:00","R_5wskNZNlBqBCPFT",0.69,"4","1",1,"7","2","0","0",0.690647522
"520","2024-09-04 10:25:00","R_51dxhZ48xqLy3nj",0.77,"4","2",1,"1","2","1","0",0.767589802
"477","2024-09-04 11:39:00","R_1Xp22Va8Qc6RS6d",0.68,"2","2",1,"1","2","1","0",0.679423199
"472","2024-09-04 12:04:00","R_6tTWTxRfJZm9oVH",0.98,"3","1",1,"1","1","0","1",0.982894713
"337464","2024-09-06 14:53:00","R_3EH5sTJAY8F26gp",0.6,"2","2",1,"7","1","0","0",0.60156816
"518","2024-09-08 12:25:00","R_7LhYmN07c3l0KTx",1.25,"4","2",1,"1","3","1","0",1.25029397
"524717","2024-09-09 09:44:00","R_7hfj7VZtjAn5DHx",1.03,"4","2",1,"7","2","1","0",1.027617068
"637","2024-09-14 00:24:00","R_3wQtLzkr1XiZUoO",0.89,"4","2",1,"1","1","0","0",0.893797521
"487","2024-09-17 15:52:00","R_3MY8oPRIIpIpnup",0.76,"3","2",1,"1","0","0","0",0.756493568
"622","2024-08-29 09:01:00","R_7MR2yDEXU5iBw8W",-0.16,"3","1",NA,"1","1","0","1",-0.163516276
"480","2024-08-29 09:06:00","R_7IL3LXwv5MyATJx",0.82,"5","2",NA,"1","2","0","0",0.81537003
"407","2024-08-29 09:07:00","R_7Dw38IpTCSSoF6L",0.77,"4","2",NA,"7","1","1","0",0.770395857
"469","2024-08-29 09:39:00","R_5l05ksnksOFqpw7",0.95,"4","2",NA,"1","1","1","0",0.945135348
"523","2024-08-29 12:23:00","R_5Yoi3j3JYakLunt",0.71,"4","1",NA,"2","1","1","0",0.709517197
"550","2024-08-29 18:13:00","R_6M5tadaXciw6Q2d",0.9,"3","2",NA,"1","0","0","0",0.903490528
"451","2024-08-23 07:30:00","R_32XGIinUB9nC2Se",0.78,"3","2",0,"1","0","0","1",0.779742842
"443","2024-08-28 09:34:00","R_3CH5OZ5M6HpKs6Z",0.45,"3","2",0,"3","0","0","0",0.44766851
"468","2024-09-24 07:55:00","R_6tLsRMGcgaAKDES",0.92,"2","2",0,"1","1","0","0",0.918661594
"326","2024-09-24 08:01:00","R_6NeLpkXr7vVAkxu",0.03,"2","2",1,"2","0","0","0",0.031996126
"403","2024-09-24 08:07:00","R_3sBJTEeMpeaySM9",0.92,"3","3",0,"1","1","1","0",0.924240014
"388","2024-09-24 08:27:00","R_8hB8APNHAd11U60",0.59,"2","2",0,"4","0","0","0",0.594598878
"442","2024-09-24 10:05:00","R_1aWhcaXtb8PXaDX",0.98,"2","2",0,"1","0","0","0",0.980198379
"361","2024-09-24 10:12:00","R_5H8KeGZYqvxg34w",0.96,"2","2",1,"3","1","0","0",0.962824277
"601","2024-09-24 13:47:00","R_5r8E6L41JUIwOFT",0.52,"2","1",0,"1","0","0","0",0.516040833
"395","2024-09-24 14:22:00","R_72AnkSak9SlPdLQ",1.24,"2","2",0,"1","2","1","0",1.244904287
"439","2024-09-24 18:03:00","R_6n0jyO2nZD8u079",1.05,"2","3",1,"5","4","1","0",1.045046017
"416","2024-09-24 21:55:00","R_1EzZ5fK0Bm77gxk",0.28,"2","2",0,"4","2","1","0",0.284766263
"733","2024-09-25 06:57:00","R_3ZUdDqzHKGMtTfX",1.19,"5","2",0,"1","3","0","0",1.185373374
"353","2024-09-25 07:59:00","R_3KJ9650xIPJIpXm",0.37,"2","2",0,"1","1","0","0",0.368675364
"389","2024-09-25 08:42:00","R_7PiIbuLqOu4HFXW",0.34,"2","2",0,"1","0","0","0",0.336205812
"552","2024-09-26 15:13:00","R_5OKxJaxMvvonoeB",0.83,"2","2",0,"1","2","0","0",0.828622195
"316","2024-10-01 15:02:00","R_3bGepHzM7qBKh3P",0.42,"2","2",1,"1","1","0","0",0.417943396
"438","2024-10-02 07:14:00","R_3poCYoflcDklaks",0.96,"4","2",0,"1","0","0","0",0.95641735
"404","2024-10-13 11:59:00","R_3qeugVm6q1xnrOB",1.14,"3","2",0,"1","1","1","0",1.14073972
"417","2024-08-23 07:57:00","R_6KSAozcx13sGoiv",1.02,"2","2",1,"1","1","0","0",1.023592839
"447","2024-08-23 07:57:00","R_1JI3JQYsjvXQlAi",1.07,"3","1",1,"1","2","1","0",1.071657983
"495","2024-08-23 08:01:00","R_1Ryj9r5N21C6JR9",1.27,"6","1",1,"1","2","0","0",1.265373724
"631","2024-08-23 08:04:00","R_5KK2nbm7zhtq8s6",0.64,"2","2",1,"1","2","1","0",0.638511452
"483","2024-08-23 08:48:00","R_6QKuztf71F6hRUO",0.8,"3","2",1,"7","1","0","0",0.804352983
"422","2024-08-23 09:44:00","R_7JLUdMXeqwN3v1m",1.05,"2","2",1,"1","2","0","0",1.049848985
"457","2024-08-23 09:44:00","R_1BmJxaF0ejZctbT",0.32,"2","1",1,"7","3","1","0",0.315857539
"713","2024-08-23 09:51:00","R_1GHv74BDbEdJSzR",0.37,"2","2",1,"1","2","0","0",0.373382863
"477","2024-08-23 09:55:00","R_3H3IaeufYcGLktj",0.71,"5","2",1,"3","3","0","0",0.7097446
"449","2024-08-23 10:02:00","R_68kxD2rxyfwSg7L",1.1,"3","2",1,"1","3","1","0",1.0950587
"478","2024-08-23 10:47:00","R_6zBlJWdtXQMXO7L",1.19,"7","2",1,"3","4","1","0",1.1942512
"595","2024-08-23 11:23:00","R_6WUXsB7rBxISlax",1.04,"2","3",1,"1","1","0","0",1.036366668
"1594","2024-08-23 11:40:00","R_72fp0rWSDn1ebst",0.76,"2","2",1,"2","1","0","0",0.760335462
"370","2024-08-25 19:06:00","R_159z2xb978KX3SF",0.49,"2","1",1,"1","1","1","0",0.487240302
"383","2024-08-26 08:24:00","R_8Fv0kKy8VezuRNv",1.22,"2","2",1,"1","1","1","1",1.219514677
"427","2024-08-26 09:26:00","R_5cUsugUQMVw9UHs",0.56,"5","2",1,"6","2","0","0",0.555756955
"564","2024-08-26 11:13:00","R_71yNIwZkfBhANx2",0.44,"3","2",1,"1","2","1","0",0.438388126
"491","2024-08-26 14:56:00","R_3rpDp3crj7fn9qU",1.12,"5","2",1,"1","2","1","0",1.11874144
"501","2024-08-26 21:14:00","R_6hby8sgb9v3jPkI",1.01,"2","1",1,"1","3","1","0",1.00773032
"414","2024-08-27 08:39:00","R_6gZ8nwBCrFQuRmU",0.83,"3","1",1,"2","3","1","0",0.83030725
"341","2024-08-28 08:38:00","R_5awUYRQ9dp76Fq4",1.22,"2","2",1,"7","2","0","0",1.221246783
"5532","2024-08-28 12:03:00","R_7lYSBZkNvF4CHcN",1.38,"2","1",1,"1","1","1","0",1.382022248
"801","2024-09-05 07:33:00","R_1FFFKg91GUUDmzu",0.53,"3","1",1,"1","1","0","0",0.52888227
"421","2024-09-05 10:46:00","R_1diHpShEBNde1ql",1.09,"3","1",1,"5","3","1","0",1.090291079
"473","2024-09-11 13:36:00","R_5LMXVnsihJDYwxu",1.17,"4","1",1,"1","2","1","0",1.167251562
"614","2024-09-19 10:45:00","R_7t9yQNPE2I986k4",0.77,"4","2",1,"1","2","1","0",0.771139369
"393","2024-09-23 09:29:00","R_36aunhFOkSTqLlm",0.76,"3","1",1,"2","1","1","0",0.76456949
"2216","2024-09-23 10:01:00","R_5MrqR8JnitOS1a4",0.55,"2","2",1,"7","2","0","0",0.545035055
"353","2024-09-23 10:01:00","R_7laz2KzNihcOgMa",0.96,"2","2",1,"1","1","1","0",0.956274727
"443","2024-09-23 10:05:00","R_10dSdHlNrIN03hg",0.39,"2","2",1,"1","1","0","0",0.394961301
"3161","2024-09-23 10:19:00","R_1aCvT0xBaK1TKPL",1.45,"3","2",1,"2","2","0","0",1.446415886
"622","2024-09-23 10:37:00","R_1ps6UVnnVtyu1f4",1.01,"5","1",1,"1","2","0","0",1.007466436
"423","2024-09-23 10:40:00","R_660UHQizASbsYcF",1.04,"3","2",1,"2","1","0","0",1.043351522
"444","2024-09-23 10:58:00","R_5k0jNGbagXOZbY5",0.91,"2","1",1,"1","2","0","0",0.914646624
"493","2024-09-23 11:03:00","R_5eIX9POhAiGKtqR",0.47,"3","2",1,"2","3","1","0",0.465065582
"515","2024-09-23 11:25:00","R_15HqEOWVB96rvp6",0.98,"2","2",1,"1","2","1","0",0.980068901
"368","2024-09-23 11:55:00","R_7y1Px6gSZeIAbRX",1.05,"2","2",1,"1","1","1","0",1.051462258
"481","2024-09-23 11:57:00","R_7ltnygccBoUfBMH",1.12,"2","1",1,"1","2","1","0",1.115063249
"519","2024-09-23 14:11:00","R_7FgnJKdS4WlT0fN",0.9,"3","2",1,"1","3","1","0",0.904155049
"519","2024-09-23 14:57:00","R_1LdQOCD7xLuDj7p",1.18,"2","2",1,"1","1","1","0",1.180345217
"462","2024-09-23 15:42:00","R_6n8CUildPH8ykV7",1.14,"2","1",1,"1","2","1","0",1.138746642
"370","2024-09-23 16:35:00","R_6FOFpU8TpAJ6vZy",0.57,"3","2",1,"1","4","1","0",0.567171043
"306","2024-09-23 17:23:00","R_3Ua4heuXOT1PsZz",0.43,"2","2",1,"1","2","1","0",0.431138342
"1070","2024-09-23 18:35:00","R_5tsfiHtp3fjZuY7",0.16,"4","3",1,"1","2","1","0",0.156004749
"8571","2024-09-23 21:50:00","R_3geBtBEvxHZrMlT",0.57,"2","2",1,"1","0","0","0",0.569269635
"416","2024-09-24 07:27:00","R_5BVhRf6FvuQ5gdk",1.21,"3","2",1,"1","2","1","0",1.207150243
"595","2024-09-24 09:31:00","R_5G7dPiLUcNq9Mht",1.03,"3","2",1,"1","3","1","0",1.03382398
"373","2024-09-24 12:28:00","R_7UsMuAczSPmwQw1",0.53,"3","2",1,"1","2","0","0",0.526031765
"994","2024-09-25 09:02:00","R_7QJrw7bki9uBOHr",0.58,"3","1",1,"1","2","0","0",0.582300223
"413","2024-09-25 10:17:00","R_5S4wxXKPo5d9bVL",0.78,"2","1",1,"1","1","0","0",0.778895038
"800","2024-09-27 09:56:00","R_72rzeRzliL1NwWw",1.32,"3","2",1,"1","1","0","0",1.315660239
"483","2024-09-30 08:00:00","R_3oiLFomsfmKK1DI",1.17,"7","2",1,"2","3","1","0",1.167947061
